League,FT_Score,Matches,Percentage
Argentina - Liga Profesional,1 - 0,37,15%
Argentina - Liga Profesional,1 - 1,35,15%
Argentina - Liga Profesional,0 - 0,34,14%
Argentina - Liga Profesional,2 - 0,24,10%
Argentina - Liga Profesional,0 - 1,22,9%
Argentina - Liga Profesional,2 - 1,17,7%
Argentina - Liga Profesional,1 - 2,13,5%
Argentina - Liga Profesional,0 - 2,11,5%
Argentina - Liga Profesional,3 - 0,9,4%
Argentina - Liga Profesional,0 - 3,6,2%
Argentina - Liga Profesional,3 - 1,5,2%
Argentina - Liga Profesional,4 - 0,5,2%
Argentina - Liga Profesional,3 - 2,4,2%
Argentina - Liga Profesional,2 - 2,4,2%
Argentina - Liga Profesional,4 - 1,4,2%
Argentina - Liga Profesional,1 - 3,3,1%
Argentina - Liga Profesional,3 - 3,2,1%
Argentina - Liga Profesional,2 - 3,2,1%
Argentina - Liga Profesional,0 - 5,1,0%
Argentina - Liga Profesional,5 - 0,1,0%
Argentina - Liga Profesional,1 - 4,1,0%
Argentina - Primera B,0 - 0,34,16%
Argentina - Primera B,1 - 1,32,15%
Argentina - Primera B,2 - 0,25,12%
Argentina - Primera B,0 - 1,21,10%
Argentina - Primera B,1 - 0,21,10%
Argentina - Primera B,1 - 2,15,7%
Argentina - Primera B,2 - 1,14,7%
Argentina - Primera B,0 - 2,12,6%
Argentina - Primera B,3 - 0,8,4%
Argentina - Primera B,2 - 2,5,2%
Argentina - Primera B,3 - 1,5,2%
Argentina - Primera B,1 - 3,3,1%
Argentina - Primera B,3 - 2,3,1%
Argentina - Primera B,0 - 3,2,1%
Argentina - Primera B,4 - 0,2,1%
Argentina - Primera B,5 - 2,1,0%
Argentina - Primera B,5 - 1,1,0%
Argentina - Primera B,5 - 0,1,0%
Argentina - Primera B,1 - 4,1,0%
Argentina - Primera B,3 - 3,1,0%
Argentina - Primera B,2 - 3,1,0%
Argentina - Primera B,4 - 2,1,0%
Argentina - Primera B,4 - 1,1,0%
Australia - A-League,2 - 2,16,9%
Australia - A-League,1 - 1,15,9%
Australia - A-League,1 - 2,13,8%
Australia - A-League,1 - 0,13,8%
Australia - A-League,0 - 1,11,7%
Australia - A-League,1 - 3,9,5%
Australia - A-League,0 - 2,9,5%
Australia - A-League,2 - 0,9,5%
Australia - A-League,2 - 3,8,5%
Australia - A-League,2 - 1,8,5%
Australia - A-League,0 - 0,8,5%
Australia - A-League,4 - 1,7,4%
Australia - A-League,3 - 0,6,4%
Australia - A-League,3 - 4,4,2%
Australia - A-League,0 - 4,4,2%
Australia - A-League,3 - 2,4,2%
Australia - A-League,3 - 1,4,2%
Australia - A-League,3 - 3,3,2%
Australia - A-League,4 - 2,3,2%
Australia - A-League,6 - 1,2,1%
Australia - A-League,4 - 4,2,1%
Australia - A-League,1 - 4,2,1%
Australia - A-League,0 - 3,2,1%
Australia - A-League,2 - 6,1,1%
Australia - A-League,6 - 0,1,1%
Australia - A-League,4 - 5,1,1%
Australia - A-League,1 - 5,1,1%
Australia - A-League,0 - 5,1,1%
Australia - A-League,5 - 3,1,1%
Australia - A-League,5 - 1,1,1%
Belgium - First Division A,1 - 1,2,25%
Belgium - First Division A,5 - 2,1,12%
Belgium - First Division A,2 - 2,1,12%
Belgium - First Division A,0 - 2,1,12%
Belgium - First Division A,3 - 1,1,12%
Belgium - First Division A,2 - 1,1,12%
Belgium - First Division A,0 - 0,1,12%
Bolivia - Primera Div. - Apertura,1 - 1,19,17%
Bolivia - Primera Div. - Apertura,3 - 1,9,8%
Bolivia - Primera Div. - Apertura,2 - 0,9,8%
Bolivia - Primera Div. - Apertura,5 - 1,7,6%
Bolivia - Primera Div. - Apertura,2 - 2,7,6%
Bolivia - Primera Div. - Apertura,1 - 2,7,6%
Bolivia - Primera Div. - Apertura,2 - 1,7,6%
Bolivia - Primera Div. - Apertura,0 - 0,7,6%
Bolivia - Primera Div. - Apertura,3 - 2,5,4%
Bolivia - Primera Div. - Apertura,0 - 1,5,4%
Bolivia - Primera Div. - Apertura,0 - 2,4,3%
Bolivia - Primera Div. - Apertura,5 - 2,3,3%
Bolivia - Primera Div. - Apertura,other scores,3,3%
Bolivia - Primera Div. - Apertura,4 - 2,3,3%
Bolivia - Primera Div. - Apertura,1 - 0,3,3%
Bolivia - Primera Div. - Apertura,5 - 0,2,2%
Bolivia - Primera Div. - Apertura,2 - 4,2,2%
Bolivia - Primera Div. - Apertura,3 - 3,2,2%
Bolivia - Primera Div. - Apertura,1 - 3,2,2%
Bolivia - Primera Div. - Apertura,4 - 0,2,2%
Bolivia - Primera Div. - Apertura,6 - 3,1,1%
Bolivia - Primera Div. - Apertura,6 - 0,1,1%
Bolivia - Primera Div. - Apertura,0 - 4,1,1%
Bolivia - Primera Div. - Apertura,2 - 3,1,1%
Bolivia - Primera Div. - Apertura,0 - 3,1,1%
Bolivia - Primera Div. - Apertura,4 - 1,1,1%
Bolivia - Primera Div. - Apertura,3 - 0,1,1%
Brazil - Serie A,1 - 0,23,15%
Brazil - Serie A,2 - 1,20,13%
Brazil - Serie A,1 - 1,20,13%
Brazil - Serie A,0 - 0,15,9%
Brazil - Serie A,0 - 1,12,8%
Brazil - Serie A,2 - 0,12,8%
Brazil - Serie A,0 - 2,11,7%
Brazil - Serie A,1 - 2,10,6%
Brazil - Serie A,2 - 2,9,6%
Brazil - Serie A,3 - 0,6,4%
Brazil - Serie A,3 - 1,4,3%
Brazil - Serie A,3 - 2,3,2%
Brazil - Serie A,4 - 0,3,2%
Brazil - Serie A,5 - 0,2,1%
Brazil - Serie A,4 - 1,2,1%
Brazil - Serie A,6 - 0,1,1%
Brazil - Serie A,0 - 4,1,1%
Brazil - Serie A,2 - 3,1,1%
Brazil - Serie A,1 - 3,1,1%
Brazil - Serie A,0 - 3,1,1%
Brazil - Serie A,4 - 2,1,1%
Brazil - Serie B,1 - 0,35,18%
Brazil - Serie B,1 - 1,30,16%
Brazil - Serie B,2 - 1,23,12%
Brazil - Serie B,0 - 1,16,8%
Brazil - Serie B,2 - 0,16,8%
Brazil - Serie B,0 - 0,16,8%
Brazil - Serie B,1 - 2,15,8%
Brazil - Serie B,2 - 2,8,4%
Brazil - Serie B,3 - 1,6,3%
Brazil - Serie B,0 - 2,5,3%
Brazil - Serie B,3 - 0,5,3%
Brazil - Serie B,4 - 0,4,2%
Brazil - Serie B,0 - 3,2,1%
Brazil - Serie B,4 - 2,2,1%
Brazil - Serie B,3 - 2,2,1%
Brazil - Serie B,2 - 5,1,1%
Brazil - Serie B,5 - 0,1,1%
Brazil - Serie B,1 - 4,1,1%
Brazil - Serie B,2 - 3,1,1%
Brazil - Serie B,1 - 3,1,1%
Brazil - Serie C,0 - 0,24,17%
Brazil - Serie C,1 - 1,21,15%
Brazil - Serie C,1 - 0,20,14%
Brazil - Serie C,2 - 1,15,11%
Brazil - Serie C,2 - 0,12,9%
Brazil - Serie C,0 - 1,9,6%
Brazil - Serie C,0 - 2,7,5%
Brazil - Serie C,2 - 3,5,4%
Brazil - Serie C,3 - 2,5,4%
Brazil - Serie C,1 - 2,5,4%
Brazil - Serie C,3 - 1,4,3%
Brazil - Serie C,0 - 4,2,1%
Brazil - Serie C,3 - 3,2,1%
Brazil - Serie C,1 - 3,2,1%
Brazil - Serie C,0 - 3,2,1%
Brazil - Serie C,3 - 0,2,1%
Brazil - Serie C,1 - 4,1,1%
Brazil - Serie C,4 - 2,1,1%
Brazil - Serie C,4 - 1,1,1%
Bulgaria - Parva Liga,1 - 1,6,38%
Bulgaria - Parva Liga,5 - 0,2,12%
Bulgaria - Parva Liga,2 - 1,2,12%
Bulgaria - Parva Liga,1 - 0,2,12%
Bulgaria - Parva Liga,2 - 2,1,6%
Bulgaria - Parva Liga,1 - 2,1,6%
Bulgaria - Parva Liga,0 - 1,1,6%
Bulgaria - Parva Liga,0 - 0,1,6%
Canada - Premier League,0 - 2,6,10%
Canada - Premier League,2 - 1,6,10%
Canada - Premier League,1 - 1,6,10%
Canada - Premier League,2 - 2,5,8%
Canada - Premier League,2 - 0,5,8%
Canada - Premier League,1 - 3,4,6%
Canada - Premier League,1 - 2,4,6%
Canada - Premier League,3 - 1,4,6%
Canada - Premier League,0 - 1,4,6%
Canada - Premier League,0 - 0,4,6%
Canada - Premier League,3 - 2,3,5%
Canada - Premier League,4 - 0,3,5%
Canada - Premier League,1 - 0,3,5%
Canada - Premier League,0 - 5,1,2%
Canada - Premier League,5 - 2,1,2%
Canada - Premier League,4 - 4,1,2%
Canada - Premier League,1 - 4,1,2%
Canada - Premier League,0 - 3,1,2%
Canada - Premier League,3 - 0,1,2%
Chile - Liga de Primera,1 - 1,18,13%
Chile - Liga de Primera,1 - 0,17,13%
Chile - Liga de Primera,2 - 1,16,12%
Chile - Liga de Primera,0 - 1,13,10%
Chile - Liga de Primera,2 - 0,11,8%
Chile - Liga de Primera,3 - 1,9,7%
Chile - Liga de Primera,2 - 2,8,6%
Chile - Liga de Primera,0 - 0,7,5%
Chile - Liga de Primera,1 - 2,5,4%
Chile - Liga de Primera,0 - 3,4,3%
Chile - Liga de Primera,0 - 2,4,3%
Chile - Liga de Primera,2 - 3,3,2%
Chile - Liga de Primera,1 - 3,3,2%
Chile - Liga de Primera,4 - 1,3,2%
Chile - Liga de Primera,4 - 0,3,2%
Chile - Liga de Primera,6 - 0,2,1%
Chile - Liga de Primera,0 - 4,2,1%
Chile - Liga de Primera,3 - 0,2,1%
Chile - Liga de Primera,5 - 1,1,1%
Chile - Liga de Primera,5 - 0,1,1%
Chile - Liga de Primera,2 - 4,1,1%
Chile - Liga de Primera,4 - 3,1,1%
Chile - Liga de Primera,4 - 2,1,1%
Chile - Liga de Ascenso,1 - 1,17,12%
Chile - Liga de Ascenso,0 - 1,17,12%
Chile - Liga de Ascenso,0 - 0,16,11%
Chile - Liga de Ascenso,2 - 1,14,10%
Chile - Liga de Ascenso,1 - 2,13,9%
Chile - Liga de Ascenso,1 - 0,13,9%
Chile - Liga de Ascenso,3 - 0,11,8%
Chile - Liga de Ascenso,2 - 2,9,6%
Chile - Liga de Ascenso,2 - 0,7,5%
Chile - Liga de Ascenso,2 - 3,6,4%
Chile - Liga de Ascenso,0 - 2,4,3%
Chile - Liga de Ascenso,0 - 3,3,2%
Chile - Liga de Ascenso,5 - 1,2,1%
Chile - Liga de Ascenso,1 - 3,2,1%
Chile - Liga de Ascenso,3 - 2,2,1%
Chile - Liga de Ascenso,3 - 1,2,1%
Chile - Liga de Ascenso,5 - 3,1,1%
Chile - Liga de Ascenso,5 - 0,1,1%
Chile - Liga de Ascenso,3 - 3,1,1%
Chile - Liga de Ascenso,4 - 2,1,1%
Chile - Liga de Ascenso,4 - 1,1,1%
Chile - Liga de Ascenso,4 - 0,1,1%
China - Super League,1 - 1,16,11%
China - Super League,3 - 1,13,9%
China - Super League,2 - 0,13,9%
China - Super League,1 - 0,13,9%
China - Super League,2 - 2,12,8%
China - Super League,1 - 2,10,7%
China - Super League,2 - 1,10,7%
China - Super League,1 - 3,8,6%
China - Super League,3 - 2,7,5%
China - Super League,3 - 0,6,4%
China - Super League,0 - 1,5,3%
China - Super League,0 - 2,4,3%
China - Super League,0 - 0,4,3%
China - Super League,3 - 4,3,2%
China - Super League,0 - 4,3,2%
China - Super League,0 - 3,3,2%
China - Super League,4 - 0,3,2%
China - Super League,2 - 3,2,1%
China - Super League,4 - 2,2,1%
China - Super League,6 - 1,1,1%
China - Super League,1 - 5,1,1%
China - Super League,5 - 0,1,1%
China - Super League,4 - 4,1,1%
China - Super League,1 - 4,1,1%
China - Super League,3 - 3,1,1%
China - Super League,4 - 1,1,1%
China - League One,2 - 1,21,15%
China - League One,1 - 1,17,12%
China - League One,0 - 1,13,9%
China - League One,2 - 0,13,9%
China - League One,0 - 0,13,9%
China - League One,1 - 0,11,8%
China - League One,0 - 2,8,6%
China - League One,3 - 1,8,6%
China - League One,2 - 2,6,4%
China - League One,1 - 3,4,3%
China - League One,3 - 2,4,3%
China - League One,1 - 2,4,3%
China - League One,2 - 4,3,2%
China - League One,4 - 0,3,2%
China - League One,3 - 0,3,2%
China - League One,0 - 3,2,1%
China - League One,1 - 5,1,1%
China - League One,5 - 0,1,1%
China - League One,other scores,1,1%
China - League One,3 - 4,1,1%
China - League One,1 - 4,1,1%
China - League One,4 - 3,1,1%
China - League One,3 - 3,1,1%
China - League One,4 - 2,1,1%
China - League Two,1 - 1,34,14%
China - League Two,2 - 0,28,11%
China - League Two,1 - 0,28,11%
China - League Two,0 - 0,27,11%
China - League Two,0 - 1,26,10%
China - League Two,2 - 1,18,7%
China - League Two,1 - 2,17,7%
China - League Two,0 - 2,14,6%
China - League Two,2 - 2,12,5%
China - League Two,3 - 0,8,3%
China - League Two,1 - 3,7,3%
China - League Two,0 - 3,6,2%
China - League Two,2 - 3,4,2%
China - League Two,5 - 0,3,1%
China - League Two,4 - 1,3,1%
China - League Two,5 - 1,2,1%
China - League Two,other scores,2,1%
China - League Two,1 - 4,2,1%
China - League Two,0 - 4,2,1%
China - League Two,3 - 2,2,1%
China - League Two,3 - 1,2,1%
China - League Two,0 - 5,1,0%
China - League Two,4 - 4,1,0%
China - League Two,2 - 4,1,0%
China - League Two,4 - 2,1,0%
Colombia - Primera A - Apertura,0 - 0,28,14%
Colombia - Primera A - Apertura,1 - 0,26,13%
Colombia - Primera A - Apertura,2 - 1,22,11%
Colombia - Primera A - Apertura,2 - 0,22,11%
Colombia - Primera A - Apertura,1 - 1,21,10%
Colombia - Primera A - Apertura,0 - 1,19,10%
Colombia - Primera A - Apertura,3 - 0,10,5%
Colombia - Primera A - Apertura,1 - 2,9,4%
Colombia - Primera A - Apertura,0 - 2,8,4%
Colombia - Primera A - Apertura,2 - 2,7,4%
Colombia - Primera A - Apertura,3 - 1,6,3%
Colombia - Primera A - Apertura,4 - 0,3,2%
Colombia - Primera A - Apertura,1 - 4,2,1%
Colombia - Primera A - Apertura,4 - 3,2,1%
Colombia - Primera A - Apertura,3 - 3,2,1%
Colombia - Primera A - Apertura,2 - 3,2,1%
Colombia - Primera A - Apertura,1 - 3,2,1%
Colombia - Primera A - Apertura,3 - 2,2,1%
Colombia - Primera A - Apertura,6 - 1,1,0%
Colombia - Primera A - Apertura,1 - 5,1,0%
Colombia - Primera A - Apertura,other scores,1,0%
Colombia - Primera A - Apertura,0 - 4,1,0%
Colombia - Primera A - Apertura,0 - 3,1,0%
Colombia - Primera A - Apertura,4 - 2,1,0%
Colombia - Primera A - Apertura,4 - 1,1,0%
Colombia - Primera B - Apertura,1 - 1,17,13%
Colombia - Primera B - Apertura,2 - 0,16,12%
Colombia - Primera B - Apertura,1 - 0,15,12%
Colombia - Primera B - Apertura,1 - 2,13,10%
Colombia - Primera B - Apertura,0 - 1,11,9%
Colombia - Primera B - Apertura,0 - 0,11,9%
Colombia - Primera B - Apertura,2 - 1,7,5%
Colombia - Primera B - Apertura,2 - 2,6,5%
Colombia - Primera B - Apertura,3 - 0,6,5%
Colombia - Primera B - Apertura,2 - 3,4,3%
Colombia - Primera B - Apertura,0 - 2,4,3%
Colombia - Primera B - Apertura,4 - 1,3,2%
Colombia - Primera B - Apertura,3 - 1,3,2%
Colombia - Primera B - Apertura,1 - 3,2,2%
Colombia - Primera B - Apertura,0 - 3,2,2%
Colombia - Primera B - Apertura,4 - 2,2,2%
Colombia - Primera B - Apertura,3 - 2,2,2%
Colombia - Primera B - Apertura,5 - 2,1,1%
Colombia - Primera B - Apertura,5 - 0,1,1%
Colombia - Primera B - Apertura,3 - 4,1,1%
Colombia - Primera B - Apertura,4 - 0,1,1%
Costa Rica - Primera Div. - Apertura,1 - 2,1,33%
Costa Rica - Primera Div. - Apertura,0 - 1,1,33%
Costa Rica - Primera Div. - Apertura,0 - 0,1,33%
Costa Rica - Primera Div. - Clausura,1 - 1,23,17%
Costa Rica - Primera Div. - Clausura,0 - 1,18,14%
Costa Rica - Primera Div. - Clausura,2 - 1,15,11%
Costa Rica - Primera Div. - Clausura,1 - 0,15,11%
Costa Rica - Primera Div. - Clausura,0 - 0,12,9%
Costa Rica - Primera Div. - Clausura,3 - 0,9,7%
Costa Rica - Primera Div. - Clausura,1 - 2,7,5%
Costa Rica - Primera Div. - Clausura,2 - 0,7,5%
Costa Rica - Primera Div. - Clausura,0 - 3,4,3%
Costa Rica - Primera Div. - Clausura,2 - 3,3,2%
Costa Rica - Primera Div. - Clausura,2 - 2,3,2%
Costa Rica - Primera Div. - Clausura,0 - 2,3,2%
Costa Rica - Primera Div. - Clausura,3 - 1,3,2%
Costa Rica - Primera Div. - Clausura,1 - 3,2,2%
Costa Rica - Primera Div. - Clausura,6 - 3,1,1%
Costa Rica - Primera Div. - Clausura,1 - 5,1,1%
Costa Rica - Primera Div. - Clausura,5 - 0,1,1%
Costa Rica - Primera Div. - Clausura,2 - 4,1,1%
Costa Rica - Primera Div. - Clausura,1 - 4,1,1%
Costa Rica - Primera Div. - Clausura,3 - 3,1,1%
Costa Rica - Primera Div. - Clausura,4 - 1,1,1%
Costa Rica - Primera Div. - Clausura,4 - 0,1,1%
CzechRepublic - 1. Liga,1 - 1,3,20%
CzechRepublic - 1. Liga,1 - 5,1,7%
CzechRepublic - 1. Liga,3 - 3,1,7%
CzechRepublic - 1. Liga,1 - 3,1,7%
CzechRepublic - 1. Liga,3 - 2,1,7%
CzechRepublic - 1. Liga,2 - 2,1,7%
CzechRepublic - 1. Liga,1 - 2,1,7%
CzechRepublic - 1. Liga,0 - 2,1,7%
CzechRepublic - 1. Liga,2 - 1,1,7%
CzechRepublic - 1. Liga,0 - 1,1,7%
CzechRepublic - 1. Liga,2 - 0,1,7%
CzechRepublic - 1. Liga,1 - 0,1,7%
CzechRepublic - 1. Liga,0 - 0,1,7%
CzechRepublic - FNL,0 - 1,3,21%
CzechRepublic - FNL,1 - 2,2,14%
CzechRepublic - FNL,0 - 2,2,14%
CzechRepublic - FNL,3 - 0,2,14%
CzechRepublic - FNL,4 - 1,1,7%
CzechRepublic - FNL,3 - 1,1,7%
CzechRepublic - FNL,2 - 1,1,7%
CzechRepublic - FNL,2 - 0,1,7%
CzechRepublic - FNL,1 - 0,1,7%
Denmark - Superligaen,2 - 3,2,17%
Denmark - Superligaen,1 - 1,2,17%
Denmark - Superligaen,6 - 2,1,8%
Denmark - Superligaen,3 - 3,1,8%
Denmark - Superligaen,1 - 2,1,8%
Denmark - Superligaen,0 - 2,1,8%
Denmark - Superligaen,3 - 1,1,8%
Denmark - Superligaen,0 - 1,1,8%
Denmark - Superligaen,3 - 0,1,8%
Denmark - Superligaen,2 - 0,1,8%
Denmark - 1st Division,2 - 1,4,33%
Denmark - 1st Division,1 - 1,2,17%
Denmark - 1st Division,0 - 0,2,17%
Denmark - 1st Division,2 - 2,1,8%
Denmark - 1st Division,0 - 2,1,8%
Denmark - 1st Division,2 - 0,1,8%
Denmark - 1st Division,1 - 0,1,8%
Ecuador - Liga Pro,1 - 1,29,16%
Ecuador - Liga Pro,0 - 1,21,12%
Ecuador - Liga Pro,1 - 0,18,10%
Ecuador - Liga Pro,2 - 0,17,10%
Ecuador - Liga Pro,2 - 1,15,9%
Ecuador - Liga Pro,1 - 2,12,7%
Ecuador - Liga Pro,2 - 2,10,6%
Ecuador - Liga Pro,0 - 0,10,6%
Ecuador - Liga Pro,3 - 1,8,5%
Ecuador - Liga Pro,1 - 3,5,3%
Ecuador - Liga Pro,4 - 1,4,2%
Ecuador - Liga Pro,1 - 4,3,2%
Ecuador - Liga Pro,0 - 4,3,2%
Ecuador - Liga Pro,0 - 3,3,2%
Ecuador - Liga Pro,3 - 2,3,2%
Ecuador - Liga Pro,3 - 0,3,2%
Ecuador - Liga Pro,4 - 3,2,1%
Ecuador - Liga Pro,2 - 3,2,1%
Ecuador - Liga Pro,4 - 0,2,1%
Ecuador - Liga Pro,2 - 5,1,1%
Ecuador - Liga Pro,0 - 5,1,1%
Ecuador - Liga Pro,5 - 0,1,1%
Ecuador - Liga Pro,2 - 4,1,1%
Ecuador - Liga Pro,3 - 3,1,1%
Ecuador - Liga Pro,4 - 2,1,1%
Ecuador - Serie B,1 - 0,20,17%
Ecuador - Serie B,1 - 1,16,14%
Ecuador - Serie B,0 - 0,12,10%
Ecuador - Serie B,0 - 1,10,9%
Ecuador - Serie B,2 - 0,10,9%
Ecuador - Serie B,2 - 1,9,8%
Ecuador - Serie B,3 - 2,7,6%
Ecuador - Serie B,2 - 2,6,5%
Ecuador - Serie B,1 - 2,5,4%
Ecuador - Serie B,3 - 0,5,4%
Ecuador - Serie B,0 - 2,4,3%
Ecuador - Serie B,4 - 0,4,3%
Ecuador - Serie B,4 - 1,2,2%
Ecuador - Serie B,3 - 1,2,2%
Ecuador - Serie B,6 - 0,1,1%
Ecuador - Serie B,other scores,1,1%
Ecuador - Serie B,3 - 3,1,1%
Ecuador - Serie B,1 - 3,1,1%
England - Premier League,1 - 1,45,12%
England - Premier League,2 - 1,33,9%
England - Premier League,2 - 2,31,8%
England - Premier League,1 - 2,29,8%
England - Premier League,1 - 0,29,8%
England - Premier League,0 - 2,28,7%
England - Premier League,0 - 1,26,7%
England - Premier League,2 - 0,21,6%
England - Premier League,3 - 1,17,4%
England - Premier League,0 - 0,16,4%
England - Premier League,0 - 3,12,3%
England - Premier League,1 - 3,11,3%
England - Premier League,3 - 2,11,3%
England - Premier League,3 - 0,11,3%
England - Premier League,4 - 1,10,3%
England - Premier League,4 - 0,7,2%
England - Premier League,4 - 2,6,2%
England - Premier League,0 - 4,5,1%
England - Premier League,2 - 3,5,1%
England - Premier League,1 - 4,4,1%
England - Premier League,0 - 5,3,1%
England - Premier League,4 - 3,3,1%
England - Premier League,1 - 5,2,1%
England - Premier League,5 - 1,2,1%
England - Premier League,5 - 0,2,1%
England - Premier League,2 - 4,2,1%
England - Premier League,3 - 6,1,0%
England - Premier League,2 - 6,1,0%
England - Premier League,0 - 6,1,0%
England - Premier League,2 - 5,1,0%
England - Premier League,5 - 3,1,0%
England - Premier League,5 - 2,1,0%
England - Premier League,other scores,1,0%
England - Premier League,3 - 4,1,0%
England - Premier League,3 - 3,1,0%
FaroeIslands - Premier League,2 - 1,8,10%
FaroeIslands - Premier League,1 - 2,6,7%
FaroeIslands - Premier League,1 - 1,6,7%
FaroeIslands - Premier League,1 - 0,6,7%
FaroeIslands - Premier League,0 - 1,5,6%
FaroeIslands - Premier League,other scores,4,5%
FaroeIslands - Premier League,0 - 3,4,5%
FaroeIslands - Premier League,2 - 2,4,5%
FaroeIslands - Premier League,0 - 2,4,5%
FaroeIslands - Premier League,4 - 1,4,5%
FaroeIslands - Premier League,3 - 1,4,5%
FaroeIslands - Premier League,4 - 0,4,5%
FaroeIslands - Premier League,3 - 2,3,4%
FaroeIslands - Premier League,0 - 5,2,2%
FaroeIslands - Premier League,1 - 4,2,2%
FaroeIslands - Premier League,0 - 4,2,2%
FaroeIslands - Premier League,4 - 3,2,2%
FaroeIslands - Premier League,2 - 3,2,2%
FaroeIslands - Premier League,1 - 3,2,2%
FaroeIslands - Premier League,2 - 0,2,2%
FaroeIslands - Premier League,0 - 0,2,2%
FaroeIslands - Premier League,2 - 6,1,1%
FaroeIslands - Premier League,1 - 5,1,1%
FaroeIslands - Premier League,5 - 0,1,1%
Finland - Veikkausliiga,2 - 2,10,10%
Finland - Veikkausliiga,0 - 1,10,10%
Finland - Veikkausliiga,3 - 1,8,8%
Finland - Veikkausliiga,1 - 1,8,8%
Finland - Veikkausliiga,3 - 2,7,7%
Finland - Veikkausliiga,2 - 1,7,7%
Finland - Veikkausliiga,0 - 0,7,7%
Finland - Veikkausliiga,2 - 3,6,6%
Finland - Veikkausliiga,1 - 0,6,6%
Finland - Veikkausliiga,0 - 2,5,5%
Finland - Veikkausliiga,4 - 1,4,4%
Finland - Veikkausliiga,3 - 0,4,4%
Finland - Veikkausliiga,0 - 4,3,3%
Finland - Veikkausliiga,1 - 2,3,3%
Finland - Veikkausliiga,1 - 3,2,2%
Finland - Veikkausliiga,0 - 3,2,2%
Finland - Veikkausliiga,2 - 0,2,2%
Finland - Veikkausliiga,6 - 2,1,1%
Finland - Veikkausliiga,1 - 5,1,1%
Finland - Veikkausliiga,0 - 5,1,1%
Finland - Veikkausliiga,5 - 0,1,1%
Finland - Veikkausliiga,2 - 4,1,1%
Finland - Veikkausliiga,1 - 4,1,1%
Finland - Veikkausliiga,4 - 3,1,1%
Finland - Veikkausliiga,4 - 2,1,1%
Finland - Ykkonen,1 - 1,14,16%
Finland - Ykkonen,3 - 1,8,9%
Finland - Ykkonen,2 - 2,6,7%
Finland - Ykkonen,1 - 2,6,7%
Finland - Ykkonen,4 - 2,5,6%
Finland - Ykkonen,3 - 2,5,6%
Finland - Ykkonen,2 - 1,5,6%
Finland - Ykkonen,2 - 0,5,6%
Finland - Ykkonen,1 - 0,4,5%
Finland - Ykkonen,0 - 3,3,4%
Finland - Ykkonen,0 - 1,3,4%
Finland - Ykkonen,0 - 0,3,4%
Finland - Ykkonen,5 - 3,2,2%
Finland - Ykkonen,3 - 4,2,2%
Finland - Ykkonen,0 - 2,2,2%
Finland - Ykkonen,4 - 1,2,2%
Finland - Ykkonen,4 - 0,2,2%
Finland - Ykkonen,4 - 6,1,1%
Finland - Ykkonen,0 - 6,1,1%
Finland - Ykkonen,0 - 5,1,1%
Finland - Ykkonen,1 - 4,1,1%
Finland - Ykkonen,4 - 3,1,1%
Finland - Ykkonen,2 - 3,1,1%
Finland - Ykkonen,1 - 3,1,1%
Finland - Ykkonen,3 - 0,1,1%
Finland - Kakkonen,2 - 1,10,10%
Finland - Kakkonen,1 - 0,10,10%
Finland - Kakkonen,2 - 2,8,8%
Finland - Kakkonen,3 - 1,8,8%
Finland - Kakkonen,1 - 1,6,6%
Finland - Kakkonen,2 - 0,6,6%
Finland - Kakkonen,0 - 1,5,5%
Finland - Kakkonen,0 - 2,4,4%
Finland - Kakkonen,0 - 0,4,4%
Finland - Kakkonen,1 - 4,3,3%
Finland - Kakkonen,1 - 3,3,3%
Finland - Kakkonen,4 - 1,3,3%
Finland - Kakkonen,4 - 0,3,3%
Finland - Kakkonen,3 - 0,3,3%
Finland - Kakkonen,6 - 1,2,2%
Finland - Kakkonen,3 - 5,2,2%
Finland - Kakkonen,5 - 0,2,2%
Finland - Kakkonen,other scores,2,2%
Finland - Kakkonen,2 - 3,2,2%
Finland - Kakkonen,0 - 3,2,2%
Finland - Kakkonen,3 - 2,2,2%
Finland - Kakkonen,0 - 5,1,1%
Finland - Kakkonen,5 - 2,1,1%
Finland - Kakkonen,2 - 4,1,1%
Finland - Kakkonen,0 - 4,1,1%
Finland - Kakkonen,4 - 2,1,1%
Finland - Kakkonen,1 - 2,1,1%
Finland - Kakkonen - A,1 - 2,6,8%
Finland - Kakkonen - A,2 - 1,5,7%
Finland - Kakkonen - A,1 - 1,5,7%
Finland - Kakkonen - A,5 - 1,4,5%
Finland - Kakkonen - A,1 - 3,4,5%
Finland - Kakkonen - A,0 - 3,4,5%
Finland - Kakkonen - A,1 - 5,3,4%
Finland - Kakkonen - A,5 - 0,3,4%
Finland - Kakkonen - A,3 - 3,3,4%
Finland - Kakkonen - A,0 - 2,3,4%
Finland - Kakkonen - A,4 - 1,3,4%
Finland - Kakkonen - A,4 - 0,3,4%
Finland - Kakkonen - A,2 - 0,3,4%
Finland - Kakkonen - A,6 - 0,2,3%
Finland - Kakkonen - A,5 - 3,2,3%
Finland - Kakkonen - A,other scores,2,3%
Finland - Kakkonen - A,4 - 3,2,3%
Finland - Kakkonen - A,2 - 2,2,3%
Finland - Kakkonen - A,3 - 1,2,3%
Finland - Kakkonen - A,1 - 0,2,3%
Finland - Kakkonen - A,2 - 6,1,1%
Finland - Kakkonen - A,0 - 6,1,1%
Finland - Kakkonen - A,6 - 3,1,1%
Finland - Kakkonen - A,6 - 1,1,1%
Finland - Kakkonen - A,0 - 5,1,1%
Finland - Kakkonen - A,1 - 4,1,1%
Finland - Kakkonen - A,0 - 4,1,1%
Finland - Kakkonen - A,2 - 3,1,1%
Finland - Kakkonen - A,3 - 2,1,1%
Finland - Kakkonen - A,0 - 1,1,1%
Finland - Kakkonen - A,3 - 0,1,1%
Finland - Kakkonen - A,0 - 0,1,1%
Finland - Kakkonen - B,1 - 1,9,12%
Finland - Kakkonen - B,1 - 2,6,8%
Finland - Kakkonen - B,0 - 2,5,7%
Finland - Kakkonen - B,1 - 0,5,7%
Finland - Kakkonen - B,other scores,4,5%
Finland - Kakkonen - B,1 - 3,4,5%
Finland - Kakkonen - B,3 - 3,3,4%
Finland - Kakkonen - B,2 - 3,3,4%
Finland - Kakkonen - B,3 - 2,3,4%
Finland - Kakkonen - B,2 - 2,3,4%
Finland - Kakkonen - B,3 - 1,3,4%
Finland - Kakkonen - B,2 - 1,3,4%
Finland - Kakkonen - B,3 - 0,3,4%
Finland - Kakkonen - B,2 - 0,3,4%
Finland - Kakkonen - B,2 - 4,2,3%
Finland - Kakkonen - B,4 - 1,2,3%
Finland - Kakkonen - B,0 - 1,2,3%
Finland - Kakkonen - B,1 - 6,1,1%
Finland - Kakkonen - B,6 - 2,1,1%
Finland - Kakkonen - B,6 - 1,1,1%
Finland - Kakkonen - B,1 - 5,1,1%
Finland - Kakkonen - B,0 - 5,1,1%
Finland - Kakkonen - B,5 - 1,1,1%
Finland - Kakkonen - B,5 - 0,1,1%
Finland - Kakkonen - B,1 - 4,1,1%
Finland - Kakkonen - B,0 - 4,1,1%
Finland - Kakkonen - B,0 - 3,1,1%
Finland - Kakkonen - B,4 - 2,1,1%
Finland - Kakkonen - B,4 - 0,1,1%
Finland - Kakkonen - C,2 - 3,7,11%
Finland - Kakkonen - C,3 - 2,6,10%
Finland - Kakkonen - C,1 - 2,4,7%
Finland - Kakkonen - C,2 - 1,4,7%
Finland - Kakkonen - C,0 - 2,3,5%
Finland - Kakkonen - C,1 - 1,3,5%
Finland - Kakkonen - C,1 - 0,3,5%
Finland - Kakkonen - C,1 - 5,2,3%
Finland - Kakkonen - C,5 - 2,2,3%
Finland - Kakkonen - C,5 - 1,2,3%
Finland - Kakkonen - C,other scores,2,3%
Finland - Kakkonen - C,4 - 3,2,3%
Finland - Kakkonen - C,3 - 3,2,3%
Finland - Kakkonen - C,1 - 3,2,3%
Finland - Kakkonen - C,4 - 1,2,3%
Finland - Kakkonen - C,3 - 1,2,3%
Finland - Kakkonen - C,3 - 0,2,3%
Finland - Kakkonen - C,0 - 6,1,2%
Finland - Kakkonen - C,6 - 1,1,2%
Finland - Kakkonen - C,6 - 0,1,2%
Finland - Kakkonen - C,5 - 4,1,2%
Finland - Kakkonen - C,2 - 4,1,2%
Finland - Kakkonen - C,0 - 3,1,2%
Finland - Kakkonen - C,4 - 2,1,2%
Finland - Kakkonen - C,2 - 2,1,2%
Finland - Kakkonen - C,0 - 1,1,2%
Finland - Kakkonen - C,4 - 0,1,2%
Finland - Kakkonen - C,0 - 0,1,2%
France - Ligue 1,1 - 1,33,11%
France - Ligue 1,2 - 1,29,9%
France - Ligue 1,2 - 0,26,8%
France - Ligue 1,1 - 0,26,8%
France - Ligue 1,0 - 2,23,8%
France - Ligue 1,3 - 1,19,6%
France - Ligue 1,1 - 2,17,6%
France - Ligue 1,1 - 3,15,5%
France - Ligue 1,0 - 1,14,5%
France - Ligue 1,0 - 0,14,5%
France - Ligue 1,2 - 2,12,4%
France - Ligue 1,0 - 3,8,3%
France - Ligue 1,3 - 2,8,3%
France - Ligue 1,3 - 0,8,3%
France - Ligue 1,4 - 2,7,2%
France - Ligue 1,4 - 1,7,2%
France - Ligue 1,1 - 4,6,2%
France - Ligue 1,2 - 4,4,1%
France - Ligue 1,0 - 4,4,1%
France - Ligue 1,2 - 3,4,1%
France - Ligue 1,4 - 0,4,1%
France - Ligue 1,5 - 1,3,1%
France - Ligue 1,3 - 3,3,1%
France - Ligue 1,6 - 0,2,1%
France - Ligue 1,1 - 5,2,1%
France - Ligue 1,other scores,2,1%
France - Ligue 1,1 - 6,1,0%
France - Ligue 1,2 - 5,1,0%
France - Ligue 1,0 - 5,1,0%
France - Ligue 1,5 - 0,1,0%
France - Ligue 1,3 - 4,1,0%
France - Ligue 1,4 - 3,1,0%
France - Ligue 2,1 - 0,39,13%
France - Ligue 2,1 - 1,34,11%
France - Ligue 2,0 - 1,31,10%
France - Ligue 2,2 - 1,24,8%
France - Ligue 2,2 - 0,24,8%
France - Ligue 2,3 - 1,19,6%
France - Ligue 2,0 - 0,19,6%
France - Ligue 2,2 - 2,15,5%
France - Ligue 2,1 - 2,15,5%
France - Ligue 2,3 - 0,15,5%
France - Ligue 2,0 - 2,12,4%
France - Ligue 2,0 - 3,10,3%
France - Ligue 2,3 - 2,9,3%
France - Ligue 2,1 - 3,6,2%
France - Ligue 2,4 - 0,5,2%
France - Ligue 2,5 - 1,4,1%
France - Ligue 2,3 - 3,4,1%
France - Ligue 2,2 - 3,4,1%
France - Ligue 2,4 - 2,4,1%
France - Ligue 2,1 - 4,3,1%
France - Ligue 2,4 - 1,3,1%
France - Ligue 2,6 - 0,1,0%
France - Ligue 2,0 - 5,1,0%
France - Ligue 2,5 - 2,1,0%
France - Ligue 2,5 - 0,1,0%
France - Ligue 2,3 - 4,1,0%
France - Ligue 2,2 - 4,1,0%
France - Ligue 2,0 - 4,1,0%
France - National,1 - 1,40,15%
France - National,1 - 0,39,14%
France - National,0 - 0,28,10%
France - National,0 - 1,25,9%
France - National,2 - 0,23,8%
France - National,2 - 1,21,8%
France - National,1 - 2,18,7%
France - National,2 - 2,13,5%
France - National,2 - 3,8,3%
France - National,0 - 2,8,3%
France - National,3 - 1,6,2%
France - National,3 - 0,6,2%
France - National,3 - 3,5,2%
France - National,1 - 3,5,2%
France - National,0 - 3,4,1%
France - National,3 - 2,4,1%
France - National,4 - 0,3,1%
France - National,2 - 4,2,1%
France - National,4 - 3,2,1%
France - National,4 - 2,2,1%
France - National,4 - 1,2,1%
France - National,6 - 2,1,0%
France - National,1 - 5,1,0%
France - National,0 - 5,1,0%
France - National,5 - 2,1,0%
France - National,5 - 1,1,0%
France - National,other scores,1,0%
France - National,3 - 4,1,0%
France - National,0 - 4,1,0%
Georgia - Erovnuli Liga,2 - 1,12,13%
Georgia - Erovnuli Liga,1 - 1,12,13%
Georgia - Erovnuli Liga,0 - 1,11,12%
Georgia - Erovnuli Liga,2 - 0,9,10%
Georgia - Erovnuli Liga,1 - 0,9,10%
Georgia - Erovnuli Liga,1 - 2,7,8%
Georgia - Erovnuli Liga,0 - 0,7,8%
Georgia - Erovnuli Liga,0 - 2,5,6%
Georgia - Erovnuli Liga,3 - 0,3,3%
Georgia - Erovnuli Liga,2 - 3,2,2%
Georgia - Erovnuli Liga,1 - 3,2,2%
Georgia - Erovnuli Liga,2 - 2,2,2%
Georgia - Erovnuli Liga,3 - 1,2,2%
Georgia - Erovnuli Liga,6 - 1,1,1%
Georgia - Erovnuli Liga,other scores,1,1%
Georgia - Erovnuli Liga,0 - 4,1,1%
Georgia - Erovnuli Liga,4 - 3,1,1%
Georgia - Erovnuli Liga,0 - 3,1,1%
Georgia - Erovnuli Liga,4 - 1,1,1%
Georgia - Erovnuli Liga,4 - 0,1,1%
Germany - Bundesliga,1 - 1,26,8%
Germany - Bundesliga,2 - 2,22,7%
Germany - Bundesliga,0 - 0,22,7%
Germany - Bundesliga,1 - 2,20,7%
Germany - Bundesliga,0 - 1,20,7%
Germany - Bundesliga,0 - 2,19,6%
Germany - Bundesliga,2 - 0,19,6%
Germany - Bundesliga,1 - 0,17,6%
Germany - Bundesliga,3 - 1,16,5%
Germany - Bundesliga,2 - 1,16,5%
Germany - Bundesliga,1 - 3,14,5%
Germany - Bundesliga,2 - 3,10,3%
Germany - Bundesliga,3 - 2,9,3%
Germany - Bundesliga,4 - 0,9,3%
Germany - Bundesliga,0 - 3,8,3%
Germany - Bundesliga,3 - 0,8,3%
Germany - Bundesliga,5 - 1,5,2%
Germany - Bundesliga,1 - 4,5,2%
Germany - Bundesliga,0 - 4,5,2%
Germany - Bundesliga,4 - 3,5,2%
Germany - Bundesliga,3 - 3,5,2%
Germany - Bundesliga,4 - 2,5,2%
Germany - Bundesliga,2 - 4,4,1%
Germany - Bundesliga,4 - 1,4,1%
Germany - Bundesliga,0 - 5,2,1%
Germany - Bundesliga,5 - 0,2,1%
Germany - Bundesliga,4 - 4,2,1%
Germany - Bundesliga,3 - 4,2,1%
Germany - Bundesliga,1 - 6,1,0%
Germany - Bundesliga,6 - 0,1,0%
Germany - Bundesliga,1 - 5,1,0%
Germany - Bundesliga,5 - 2,1,0%
Germany - Bundesliga,other scores,1,0%
Greece - Super League,0 - 1,26,12%
Greece - Super League,1 - 1,25,11%
Greece - Super League,1 - 0,23,10%
Greece - Super League,1 - 2,22,10%
Greece - Super League,2 - 1,22,10%
Greece - Super League,0 - 0,17,8%
Greece - Super League,2 - 0,14,6%
Greece - Super League,3 - 0,12,5%
Greece - Super League,0 - 2,11,5%
Greece - Super League,0 - 3,7,3%
Greece - Super League,2 - 2,7,3%
Greece - Super League,3 - 2,6,3%
Greece - Super League,3 - 1,6,3%
Greece - Super League,2 - 3,5,2%
Greece - Super League,1 - 3,5,2%
Greece - Super League,4 - 2,3,1%
Greece - Super League,4 - 1,3,1%
Greece - Super League,2 - 4,2,1%
Greece - Super League,1 - 4,2,1%
Greece - Super League,4 - 0,2,1%
Greece - Super League,0 - 5,1,0%
Greece - Super League,5 - 0,1,0%
Greece - Super League,other scores,1,0%
Greece - Super League,0 - 4,1,0%
Guatemala - Liga Nacional - Apertura,0 - 1,3,25%
Guatemala - Liga Nacional - Apertura,2 - 2,2,17%
Guatemala - Liga Nacional - Apertura,1 - 0,2,17%
Guatemala - Liga Nacional - Apertura,0 - 2,1,8%
Guatemala - Liga Nacional - Apertura,2 - 1,1,8%
Guatemala - Liga Nacional - Apertura,3 - 0,1,8%
Guatemala - Liga Nacional - Apertura,2 - 0,1,8%
Guatemala - Liga Nacional - Apertura,0 - 0,1,8%
Guatemala - Liga Nacional - Clausura,2 - 1,19,17%
Guatemala - Liga Nacional - Clausura,1 - 0,18,16%
Guatemala - Liga Nacional - Clausura,1 - 1,14,13%
Guatemala - Liga Nacional - Clausura,2 - 0,11,10%
Guatemala - Liga Nacional - Clausura,0 - 0,11,10%
Guatemala - Liga Nacional - Clausura,1 - 2,6,5%
Guatemala - Liga Nacional - Clausura,0 - 1,4,4%
Guatemala - Liga Nacional - Clausura,2 - 3,3,3%
Guatemala - Liga Nacional - Clausura,1 - 3,3,3%
Guatemala - Liga Nacional - Clausura,3 - 2,3,3%
Guatemala - Liga Nacional - Clausura,2 - 2,3,3%
Guatemala - Liga Nacional - Clausura,0 - 2,3,3%
Guatemala - Liga Nacional - Clausura,0 - 3,2,2%
Guatemala - Liga Nacional - Clausura,3 - 0,2,2%
Guatemala - Liga Nacional - Clausura,6 - 0,1,1%
Guatemala - Liga Nacional - Clausura,5 - 2,1,1%
Guatemala - Liga Nacional - Clausura,5 - 1,1,1%
Guatemala - Liga Nacional - Clausura,other scores,1,1%
Guatemala - Liga Nacional - Clausura,4 - 2,1,1%
Guatemala - Liga Nacional - Clausura,4 - 1,1,1%
Guatemala - Liga Nacional - Clausura,3 - 1,1,1%
Guatemala - Liga Nacional - Clausura,4 - 0,1,1%
Hong Kong - Premier League,1 - 1,11,10%
Hong Kong - Premier League,3 - 1,9,8%
Hong Kong - Premier League,1 - 2,8,7%
Hong Kong - Premier League,2 - 1,8,7%
Hong Kong - Premier League,1 - 3,7,6%
Hong Kong - Premier League,0 - 1,6,6%
Hong Kong - Premier League,2 - 0,6,6%
Hong Kong - Premier League,1 - 0,5,5%
Hong Kong - Premier League,2 - 3,4,4%
Hong Kong - Premier League,2 - 2,4,4%
Hong Kong - Premier League,0 - 2,4,4%
Hong Kong - Premier League,3 - 0,4,4%
Hong Kong - Premier League,3 - 4,3,3%
Hong Kong - Premier League,0 - 4,3,3%
Hong Kong - Premier League,4 - 0,3,3%
Hong Kong - Premier League,2 - 5,2,2%
Hong Kong - Premier League,0 - 5,2,2%
Hong Kong - Premier League,5 - 1,2,2%
Hong Kong - Premier League,other scores,2,2%
Hong Kong - Premier League,3 - 3,2,2%
Hong Kong - Premier League,0 - 3,2,2%
Hong Kong - Premier League,3 - 2,2,2%
Hong Kong - Premier League,4 - 1,2,2%
Hong Kong - Premier League,6 - 1,1,1%
Hong Kong - Premier League,1 - 5,1,1%
Hong Kong - Premier League,5 - 3,1,1%
Hong Kong - Premier League,5 - 0,1,1%
Hong Kong - Premier League,4 - 4,1,1%
Hong Kong - Premier League,4 - 3,1,1%
Hong Kong - Premier League,0 - 0,1,1%
Hungary - NB I,3 - 3,2,33%
Hungary - NB I,1 - 1,2,33%
Hungary - NB I,3 - 1,1,17%
Hungary - NB I,2 - 1,1,17%
Iceland - Urvalsdeild,2 - 0,10,10%
Iceland - Urvalsdeild,2 - 1,9,9%
Iceland - Urvalsdeild,1 - 0,8,8%
Iceland - Urvalsdeild,0 - 2,7,7%
Iceland - Urvalsdeild,1 - 1,7,7%
Iceland - Urvalsdeild,3 - 1,6,6%
Iceland - Urvalsdeild,3 - 2,5,5%
Iceland - Urvalsdeild,2 - 2,5,5%
Iceland - Urvalsdeild,0 - 1,5,5%
Iceland - Urvalsdeild,3 - 0,5,5%
Iceland - Urvalsdeild,1 - 2,4,4%
Iceland - Urvalsdeild,0 - 0,4,4%
Iceland - Urvalsdeild,4 - 1,3,3%
Iceland - Urvalsdeild,6 - 1,2,2%
Iceland - Urvalsdeild,5 - 0,2,2%
Iceland - Urvalsdeild,1 - 4,2,2%
Iceland - Urvalsdeild,3 - 3,2,2%
Iceland - Urvalsdeild,2 - 3,2,2%
Iceland - Urvalsdeild,0 - 3,2,2%
Iceland - Urvalsdeild,4 - 2,2,2%
Iceland - Urvalsdeild,2 - 5,1,1%
Iceland - Urvalsdeild,4 - 3,1,1%
Iceland - Urvalsdeild,1 - 3,1,1%
Iceland - Urvalsdeild,4 - 0,1,1%
Iceland - 1. Deild,1 - 1,14,16%
Iceland - 1. Deild,1 - 2,9,10%
Iceland - 1. Deild,3 - 1,6,7%
Iceland - 1. Deild,2 - 2,5,6%
Iceland - 1. Deild,2 - 1,5,6%
Iceland - 1. Deild,2 - 0,5,6%
Iceland - 1. Deild,0 - 2,4,5%
Iceland - 1. Deild,0 - 1,4,5%
Iceland - 1. Deild,2 - 4,3,3%
Iceland - 1. Deild,1 - 4,3,3%
Iceland - 1. Deild,1 - 3,3,3%
Iceland - 1. Deild,4 - 1,3,3%
Iceland - 1. Deild,1 - 0,3,3%
Iceland - 1. Deild,3 - 3,2,2%
Iceland - 1. Deild,2 - 3,2,2%
Iceland - 1. Deild,0 - 3,2,2%
Iceland - 1. Deild,3 - 2,2,2%
Iceland - 1. Deild,3 - 0,2,2%
Iceland - 1. Deild,2 - 6,1,1%
Iceland - 1. Deild,6 - 1,1,1%
Iceland - 1. Deild,6 - 0,1,1%
Iceland - 1. Deild,1 - 5,1,1%
Iceland - 1. Deild,0 - 5,1,1%
Iceland - 1. Deild,5 - 4,1,1%
Iceland - 1. Deild,5 - 1,1,1%
Iceland - 1. Deild,3 - 4,1,1%
Iceland - 1. Deild,0 - 4,1,1%
Iceland - 1. Deild,4 - 0,1,1%
Iceland - 1. Deild,0 - 0,1,1%
Ireland - Premier Division,1 - 1,16,13%
Ireland - Premier Division,1 - 0,15,12%
Ireland - Premier Division,2 - 1,13,10%
Ireland - Premier Division,0 - 1,12,10%
Ireland - Premier Division,1 - 2,11,9%
Ireland - Premier Division,2 - 2,10,8%
Ireland - Premier Division,2 - 0,9,7%
Ireland - Premier Division,0 - 0,9,7%
Ireland - Premier Division,3 - 0,6,5%
Ireland - Premier Division,2 - 3,4,3%
Ireland - Premier Division,3 - 2,3,2%
Ireland - Premier Division,0 - 2,3,2%
Ireland - Premier Division,3 - 1,3,2%
Ireland - Premier Division,1 - 3,2,2%
Ireland - Premier Division,4 - 1,2,2%
Ireland - Premier Division,other scores,1,1%
Ireland - Premier Division,2 - 4,1,1%
Ireland - Premier Division,0 - 4,1,1%
Ireland - Premier Division,4 - 3,1,1%
Ireland - Premier Division,0 - 3,1,1%
Ireland - Premier Division,4 - 2,1,1%
Ireland - Premier Division,4 - 0,1,1%
Ireland - First Division,0 - 1,16,13%
Ireland - First Division,1 - 1,15,13%
Ireland - First Division,2 - 1,11,9%
Ireland - First Division,2 - 0,9,8%
Ireland - First Division,1 - 0,9,8%
Ireland - First Division,0 - 0,8,7%
Ireland - First Division,3 - 1,7,6%
Ireland - First Division,2 - 2,6,5%
Ireland - First Division,1 - 2,6,5%
Ireland - First Division,0 - 2,5,4%
Ireland - First Division,0 - 3,4,3%
Ireland - First Division,2 - 3,3,3%
Ireland - First Division,1 - 3,3,3%
Ireland - First Division,3 - 2,3,3%
Ireland - First Division,3 - 0,3,3%
Ireland - First Division,5 - 0,2,2%
Ireland - First Division,0 - 4,2,2%
Ireland - First Division,4 - 2,2,2%
Ireland - First Division,4 - 0,2,2%
Ireland - First Division,0 - 5,1,1%
Ireland - First Division,5 - 1,1,1%
Ireland - First Division,4 - 3,1,1%
Israel - Ligat HaAl,1 - 1,26,11%
Israel - Ligat HaAl,1 - 0,21,9%
Israel - Ligat HaAl,1 - 2,19,8%
Israel - Ligat HaAl,2 - 1,19,8%
Israel - Ligat HaAl,0 - 0,19,8%
Israel - Ligat HaAl,0 - 1,18,8%
Israel - Ligat HaAl,0 - 2,15,6%
Israel - Ligat HaAl,2 - 0,14,6%
Israel - Ligat HaAl,0 - 3,10,4%
Israel - Ligat HaAl,2 - 2,9,4%
Israel - Ligat HaAl,4 - 1,9,4%
Israel - Ligat HaAl,3 - 1,8,3%
Israel - Ligat HaAl,1 - 3,7,3%
Israel - Ligat HaAl,2 - 3,6,2%
Israel - Ligat HaAl,3 - 2,5,2%
Israel - Ligat HaAl,4 - 0,5,2%
Israel - Ligat HaAl,3 - 0,5,2%
Israel - Ligat HaAl,3 - 3,4,2%
Israel - Ligat HaAl,5 - 1,3,1%
Israel - Ligat HaAl,5 - 0,3,1%
Israel - Ligat HaAl,1 - 4,3,1%
Israel - Ligat HaAl,0 - 4,3,1%
Israel - Ligat HaAl,4 - 3,2,1%
Israel - Ligat HaAl,4 - 2,2,1%
Israel - Ligat HaAl,1 - 6,1,0%
Israel - Ligat HaAl,3 - 5,1,0%
Israel - Ligat HaAl,2 - 5,1,0%
Israel - Ligat HaAl,1 - 5,1,0%
Israel - Ligat HaAl,2 - 4,1,0%
Italy - Serie A,1 - 1,53,14%
Italy - Serie A,1 - 0,38,10%
Italy - Serie A,2 - 1,36,9%
Italy - Serie A,0 - 1,33,9%
Italy - Serie A,0 - 0,28,7%
Italy - Serie A,2 - 2,25,7%
Italy - Serie A,2 - 0,25,7%
Italy - Serie A,1 - 2,24,6%
Italy - Serie A,0 - 2,20,5%
Italy - Serie A,2 - 3,15,4%
Italy - Serie A,3 - 0,15,4%
Italy - Serie A,3 - 2,12,3%
Italy - Serie A,3 - 1,12,3%
Italy - Serie A,0 - 3,9,2%
Italy - Serie A,1 - 3,7,2%
Italy - Serie A,0 - 4,6,2%
Italy - Serie A,4 - 1,4,1%
Italy - Serie A,0 - 5,3,1%
Italy - Serie A,5 - 1,3,1%
Italy - Serie A,4 - 0,3,1%
Italy - Serie A,0 - 6,2,1%
Italy - Serie A,5 - 0,2,1%
Italy - Serie A,6 - 1,1,0%
Italy - Serie A,1 - 5,1,0%
Italy - Serie A,4 - 4,1,0%
Italy - Serie A,1 - 4,1,0%
Italy - Serie A,3 - 3,1,0%
Italy - Serie B,1 - 1,53,14%
Italy - Serie B,2 - 1,40,11%
Italy - Serie B,1 - 0,40,11%
Italy - Serie B,0 - 0,40,11%
Italy - Serie B,2 - 2,31,8%
Italy - Serie B,0 - 1,29,8%
Italy - Serie B,2 - 0,29,8%
Italy - Serie B,1 - 2,26,7%
Italy - Serie B,0 - 2,14,4%
Italy - Serie B,3 - 1,14,4%
Italy - Serie B,0 - 3,9,2%
Italy - Serie B,1 - 3,8,2%
Italy - Serie B,3 - 2,8,2%
Italy - Serie B,2 - 3,7,2%
Italy - Serie B,3 - 0,7,2%
Italy - Serie B,3 - 3,4,1%
Italy - Serie B,4 - 2,4,1%
Italy - Serie B,4 - 0,4,1%
Italy - Serie B,5 - 3,2,1%
Italy - Serie B,5 - 1,2,1%
Italy - Serie B,0 - 4,2,1%
Italy - Serie B,6 - 1,1,0%
Italy - Serie B,3 - 5,1,0%
Italy - Serie B,2 - 5,1,0%
Italy - Serie B,1 - 5,1,0%
Italy - Serie B,5 - 0,1,0%
Italy - Serie B,1 - 4,1,0%
Italy - Serie B,4 - 1,1,0%
Italy - Serie C - Group A,1 - 0,58,15%
Italy - Serie C - Group A,1 - 1,51,13%
Italy - Serie C - Group A,0 - 1,34,9%
Italy - Serie C - Group A,0 - 0,32,8%
Italy - Serie C - Group A,2 - 1,30,8%
Italy - Serie C - Group A,1 - 2,29,8%
Italy - Serie C - Group A,2 - 0,25,7%
Italy - Serie C - Group A,0 - 2,23,6%
Italy - Serie C - Group A,2 - 2,18,5%
Italy - Serie C - Group A,3 - 1,17,4%
Italy - Serie C - Group A,3 - 0,13,3%
Italy - Serie C - Group A,1 - 3,10,3%
Italy - Serie C - Group A,0 - 3,10,3%
Italy - Serie C - Group A,3 - 2,7,2%
Italy - Serie C - Group A,4 - 1,6,2%
Italy - Serie C - Group A,2 - 3,4,1%
Italy - Serie C - Group A,5 - 1,3,1%
Italy - Serie C - Group A,4 - 0,3,1%
Italy - Serie C - Group A,5 - 2,2,1%
Italy - Serie C - Group A,6 - 0,1,0%
Italy - Serie C - Group A,1 - 5,1,0%
Italy - Serie C - Group A,5 - 0,1,0%
Italy - Serie C - Group A,1 - 4,1,0%
Italy - Serie C - Group A,3 - 3,1,0%
Italy - Serie C - Group B,1 - 1,53,14%
Italy - Serie C - Group B,0 - 1,42,11%
Italy - Serie C - Group B,0 - 0,42,11%
Italy - Serie C - Group B,2 - 1,39,10%
Italy - Serie C - Group B,1 - 0,38,10%
Italy - Serie C - Group B,1 - 2,26,7%
Italy - Serie C - Group B,2 - 0,18,5%
Italy - Serie C - Group B,0 - 2,17,4%
Italy - Serie C - Group B,2 - 2,16,4%
Italy - Serie C - Group B,3 - 0,14,4%
Italy - Serie C - Group B,1 - 3,11,3%
Italy - Serie C - Group B,0 - 3,11,3%
Italy - Serie C - Group B,3 - 1,10,3%
Italy - Serie C - Group B,4 - 1,9,2%
Italy - Serie C - Group B,2 - 3,8,2%
Italy - Serie C - Group B,3 - 2,7,2%
Italy - Serie C - Group B,4 - 0,5,1%
Italy - Serie C - Group B,3 - 3,3,1%
Italy - Serie C - Group B,4 - 2,3,1%
Italy - Serie C - Group B,5 - 1,2,1%
Italy - Serie C - Group B,1 - 4,2,1%
Italy - Serie C - Group B,1 - 5,1,0%
Italy - Serie C - Group B,5 - 0,1,0%
Italy - Serie C - Group B,other scores,1,0%
Italy - Serie C - Group B,2 - 4,1,0%
Japan - J1 League,0 - 1,32,13%
Japan - J1 League,2 - 1,31,13%
Japan - J1 League,1 - 0,31,13%
Japan - J1 League,1 - 1,26,11%
Japan - J1 League,2 - 0,19,8%
Japan - J1 League,1 - 2,18,8%
Japan - J1 League,0 - 0,16,7%
Japan - J1 League,2 - 2,12,5%
Japan - J1 League,0 - 3,8,3%
Japan - J1 League,0 - 2,8,3%
Japan - J1 League,3 - 0,7,3%
Japan - J1 League,3 - 2,6,2%
Japan - J1 League,3 - 1,6,2%
Japan - J1 League,3 - 3,4,2%
Japan - J1 League,4 - 0,4,2%
Japan - J1 League,2 - 3,3,1%
Japan - J1 League,1 - 3,3,1%
Japan - J1 League,0 - 4,2,1%
Japan - J1 League,2 - 5,1,0%
Japan - J1 League,3 - 4,1,0%
Japan - J1 League,4 - 2,1,0%
Japan - J1 League,4 - 1,1,0%
Japan - J2 League,1 - 0,32,14%
Japan - J2 League,1 - 1,27,12%
Japan - J2 League,0 - 1,25,11%
Japan - J2 League,0 - 0,25,11%
Japan - J2 League,1 - 2,18,8%
Japan - J2 League,2 - 1,17,7%
Japan - J2 League,2 - 2,14,6%
Japan - J2 League,2 - 0,12,5%
Japan - J2 League,0 - 2,11,5%
Japan - J2 League,1 - 3,6,3%
Japan - J2 League,3 - 2,6,3%
Japan - J2 League,3 - 1,6,3%
Japan - J2 League,2 - 3,5,2%
Japan - J2 League,3 - 0,5,2%
Japan - J2 League,5 - 1,4,2%
Japan - J2 League,3 - 3,4,2%
Japan - J2 League,2 - 4,3,1%
Japan - J2 League,3 - 4,2,1%
Japan - J2 League,0 - 4,2,1%
Japan - J2 League,4 - 1,2,1%
Japan - J2 League,1 - 4,1,0%
Japan - J2 League,0 - 3,1,0%
Japan - J2 League,4 - 2,1,0%
Japan - J2 League,4 - 0,1,0%
Japan - J3 League,1 - 0,36,16%
Japan - J3 League,1 - 1,33,15%
Japan - J3 League,0 - 1,21,10%
Japan - J3 League,1 - 2,19,9%
Japan - J3 League,0 - 0,19,9%
Japan - J3 League,2 - 1,18,8%
Japan - J3 League,2 - 0,14,6%
Japan - J3 League,3 - 2,10,5%
Japan - J3 League,3 - 1,7,3%
Japan - J3 League,2 - 2,6,3%
Japan - J3 League,1 - 3,5,2%
Japan - J3 League,0 - 2,5,2%
Japan - J3 League,3 - 0,5,2%
Japan - J3 League,4 - 3,3,1%
Japan - J3 League,3 - 3,3,1%
Japan - J3 League,0 - 5,2,1%
Japan - J3 League,2 - 3,2,1%
Japan - J3 League,0 - 3,2,1%
Japan - J3 League,4 - 0,2,1%
Japan - J3 League,5 - 2,1,0%
Japan - J3 League,5 - 1,1,0%
Japan - J3 League,5 - 0,1,0%
Japan - J3 League,other scores,1,0%
Japan - J3 League,3 - 4,1,0%
Japan - J3 League,2 - 4,1,0%
Japan - J3 League,4 - 2,1,0%
Japan - J3 League,4 - 1,1,0%
Kazakhstan - Premier League,1 - 1,15,12%
Kazakhstan - Premier League,2 - 1,14,11%
Kazakhstan - Premier League,1 - 2,13,10%
Kazakhstan - Premier League,0 - 0,13,10%
Kazakhstan - Premier League,1 - 0,12,10%
Kazakhstan - Premier League,0 - 1,10,8%
Kazakhstan - Premier League,0 - 2,7,6%
Kazakhstan - Premier League,2 - 0,7,6%
Kazakhstan - Premier League,2 - 2,5,4%
Kazakhstan - Premier League,1 - 3,4,3%
Kazakhstan - Premier League,4 - 0,3,2%
Kazakhstan - Premier League,3 - 0,3,2%
Kazakhstan - Premier League,5 - 0,2,2%
Kazakhstan - Premier League,1 - 4,2,2%
Kazakhstan - Premier League,0 - 4,2,2%
Kazakhstan - Premier League,2 - 3,2,2%
Kazakhstan - Premier League,0 - 3,2,2%
Kazakhstan - Premier League,4 - 2,2,2%
Kazakhstan - Premier League,5 - 2,1,1%
Kazakhstan - Premier League,other scores,1,1%
Kazakhstan - Premier League,3 - 3,1,1%
Kazakhstan - Premier League,3 - 2,1,1%
Kazakhstan - Premier League,4 - 1,1,1%
Kazakhstan - Premier League,3 - 1,1,1%
Latvia - Virsliga,2 - 0,18,15%
Latvia - Virsliga,1 - 1,14,12%
Latvia - Virsliga,1 - 0,12,10%
Latvia - Virsliga,2 - 1,8,7%
Latvia - Virsliga,0 - 1,8,7%
Latvia - Virsliga,2 - 2,6,5%
Latvia - Virsliga,1 - 2,6,5%
Latvia - Virsliga,0 - 0,6,5%
Latvia - Virsliga,1 - 3,5,4%
Latvia - Virsliga,4 - 1,5,4%
Latvia - Virsliga,3 - 0,5,4%
Latvia - Virsliga,3 - 2,4,3%
Latvia - Virsliga,2 - 4,3,2%
Latvia - Virsliga,0 - 3,3,2%
Latvia - Virsliga,2 - 5,2,2%
Latvia - Virsliga,0 - 2,2,2%
Latvia - Virsliga,3 - 1,2,2%
Latvia - Virsliga,4 - 0,2,2%
Latvia - Virsliga,6 - 2,1,1%
Latvia - Virsliga,6 - 0,1,1%
Latvia - Virsliga,1 - 5,1,1%
Latvia - Virsliga,5 - 1,1,1%
Latvia - Virsliga,other scores,1,1%
Latvia - Virsliga,1 - 4,1,1%
Latvia - Virsliga,0 - 4,1,1%
Latvia - Virsliga,2 - 3,1,1%
Latvia - Virsliga,4 - 2,1,1%
Latvia - 1. Liga,1 - 2,12,12%
Latvia - 1. Liga,1 - 1,12,12%
Latvia - 1. Liga,1 - 0,9,9%
Latvia - 1. Liga,2 - 1,7,7%
Latvia - 1. Liga,3 - 1,5,5%
Latvia - 1. Liga,0 - 1,5,5%
Latvia - 1. Liga,2 - 0,5,5%
Latvia - 1. Liga,0 - 0,5,5%
Latvia - 1. Liga,2 - 2,4,4%
Latvia - 1. Liga,4 - 1,4,4%
Latvia - 1. Liga,2 - 3,3,3%
Latvia - 1. Liga,4 - 2,3,3%
Latvia - 1. Liga,4 - 0,3,3%
Latvia - 1. Liga,1 - 5,2,2%
Latvia - 1. Liga,5 - 0,2,2%
Latvia - 1. Liga,other scores,2,2%
Latvia - 1. Liga,0 - 4,2,2%
Latvia - 1. Liga,1 - 3,2,2%
Latvia - 1. Liga,0 - 3,2,2%
Latvia - 1. Liga,6 - 2,1,1%
Latvia - 1. Liga,2 - 5,1,1%
Latvia - 1. Liga,5 - 1,1,1%
Latvia - 1. Liga,2 - 4,1,1%
Latvia - 1. Liga,1 - 4,1,1%
Latvia - 1. Liga,3 - 3,1,1%
Latvia - 1. Liga,3 - 2,1,1%
Latvia - 1. Liga,0 - 2,1,1%
Latvia - 1. Liga,3 - 0,1,1%
Lithuania - A Lyga,0 - 1,10,10%
Lithuania - A Lyga,2 - 0,10,10%
Lithuania - A Lyga,1 - 1,9,9%
Lithuania - A Lyga,3 - 0,9,9%
Lithuania - A Lyga,0 - 2,8,8%
Lithuania - A Lyga,2 - 1,8,8%
Lithuania - A Lyga,0 - 0,8,8%
Lithuania - A Lyga,1 - 0,7,7%
Lithuania - A Lyga,1 - 2,6,6%
Lithuania - A Lyga,2 - 2,5,5%
Lithuania - A Lyga,1 - 3,4,4%
Lithuania - A Lyga,2 - 3,3,3%
Lithuania - A Lyga,0 - 3,3,3%
Lithuania - A Lyga,3 - 1,3,3%
Lithuania - A Lyga,2 - 4,2,2%
Lithuania - A Lyga,4 - 0,2,2%
Lithuania - A Lyga,1 - 5,1,1%
Lithuania - A Lyga,5 - 2,1,1%
Lithuania - A Lyga,5 - 0,1,1%
Lithuania - A Lyga,3 - 4,1,1%
Lithuania - A Lyga,3 - 3,1,1%
Lithuania - A Lyga,3 - 2,1,1%
Lithuania - A Lyga,4 - 1,1,1%
Lithuania - 1st League,1 - 1,13,11%
Lithuania - 1st League,1 - 0,13,11%
Lithuania - 1st League,2 - 0,10,8%
Lithuania - 1st League,1 - 2,9,8%
Lithuania - 1st League,2 - 1,8,7%
Lithuania - 1st League,0 - 1,8,7%
Lithuania - 1st League,0 - 4,5,4%
Lithuania - 1st League,3 - 1,5,4%
Lithuania - 1st League,3 - 0,5,4%
Lithuania - 1st League,0 - 0,5,4%
Lithuania - 1st League,2 - 2,4,3%
Lithuania - 1st League,0 - 2,4,3%
Lithuania - 1st League,1 - 4,3,2%
Lithuania - 1st League,1 - 3,3,2%
Lithuania - 1st League,4 - 2,3,2%
Lithuania - 1st League,5 - 1,2,2%
Lithuania - 1st League,2 - 4,2,2%
Lithuania - 1st League,2 - 3,2,2%
Lithuania - 1st League,0 - 3,2,2%
Lithuania - 1st League,3 - 2,2,2%
Lithuania - 1st League,4 - 1,2,2%
Lithuania - 1st League,4 - 0,2,2%
Lithuania - 1st League,2 - 6,1,1%
Lithuania - 1st League,6 - 0,1,1%
Lithuania - 1st League,2 - 5,1,1%
Lithuania - 1st League,0 - 5,1,1%
Lithuania - 1st League,5 - 2,1,1%
Lithuania - 1st League,5 - 0,1,1%
Lithuania - 1st League,other scores,1,1%
Lithuania - 1st League,4 - 3,1,1%
Mexico - Liga MX - Apertura,1 - 0,5,19%
Mexico - Liga MX - Apertura,3 - 1,4,15%
Mexico - Liga MX - Apertura,1 - 1,3,12%
Mexico - Liga MX - Apertura,2 - 3,2,8%
Mexico - Liga MX - Apertura,0 - 1,2,8%
Mexico - Liga MX - Apertura,3 - 0,2,8%
Mexico - Liga MX - Apertura,3 - 4,1,4%
Mexico - Liga MX - Apertura,2 - 4,1,4%
Mexico - Liga MX - Apertura,4 - 3,1,4%
Mexico - Liga MX - Apertura,3 - 3,1,4%
Mexico - Liga MX - Apertura,0 - 2,1,4%
Mexico - Liga MX - Apertura,4 - 1,1,4%
Mexico - Liga MX - Apertura,2 - 1,1,4%
Mexico - Liga MX - Apertura,0 - 0,1,4%
Mexico - Liga MX - Clausura,2 - 1,25,16%
Mexico - Liga MX - Clausura,1 - 1,19,12%
Mexico - Liga MX - Clausura,1 - 0,18,12%
Mexico - Liga MX - Clausura,1 - 2,13,8%
Mexico - Liga MX - Clausura,0 - 1,9,6%
Mexico - Liga MX - Clausura,3 - 2,7,5%
Mexico - Liga MX - Clausura,0 - 0,7,5%
Mexico - Liga MX - Clausura,2 - 3,6,4%
Mexico - Liga MX - Clausura,2 - 0,6,4%
Mexico - Liga MX - Clausura,1 - 3,5,3%
Mexico - Liga MX - Clausura,0 - 2,5,3%
Mexico - Liga MX - Clausura,3 - 1,5,3%
Mexico - Liga MX - Clausura,3 - 0,5,3%
Mexico - Liga MX - Clausura,0 - 4,3,2%
Mexico - Liga MX - Clausura,2 - 2,3,2%
Mexico - Liga MX - Clausura,5 - 0,2,1%
Mexico - Liga MX - Clausura,2 - 4,2,1%
Mexico - Liga MX - Clausura,3 - 3,2,1%
Mexico - Liga MX - Clausura,0 - 3,2,1%
Mexico - Liga MX - Clausura,4 - 2,2,1%
Mexico - Liga MX - Clausura,4 - 0,2,1%
Mexico - Liga MX - Clausura,3 - 5,1,1%
Mexico - Liga MX - Clausura,5 - 2,1,1%
Mexico - Liga MX - Clausura,3 - 4,1,1%
Mexico - Liga MX - Clausura,1 - 4,1,1%
Mexico - Liga MX - Clausura,4 - 1,1,1%
Netherlands - Eredivisie,1 - 1,40,13%
Netherlands - Eredivisie,1 - 0,34,11%
Netherlands - Eredivisie,1 - 2,25,8%
Netherlands - Eredivisie,2 - 0,24,8%
Netherlands - Eredivisie,2 - 2,20,7%
Netherlands - Eredivisie,2 - 1,18,6%
Netherlands - Eredivisie,0 - 2,15,5%
Netherlands - Eredivisie,3 - 0,14,5%
Netherlands - Eredivisie,0 - 1,12,4%
Netherlands - Eredivisie,0 - 0,12,4%
Netherlands - Eredivisie,0 - 3,10,3%
Netherlands - Eredivisie,3 - 2,9,3%
Netherlands - Eredivisie,4 - 1,9,3%
Netherlands - Eredivisie,3 - 1,9,3%
Netherlands - Eredivisie,1 - 3,8,3%
Netherlands - Eredivisie,5 - 0,6,2%
Netherlands - Eredivisie,1 - 4,5,2%
Netherlands - Eredivisie,3 - 3,5,2%
Netherlands - Eredivisie,2 - 3,5,2%
Netherlands - Eredivisie,4 - 0,5,2%
Netherlands - Eredivisie,6 - 1,2,1%
Netherlands - Eredivisie,6 - 0,2,1%
Netherlands - Eredivisie,2 - 5,2,1%
Netherlands - Eredivisie,1 - 5,2,1%
Netherlands - Eredivisie,other scores,2,1%
Netherlands - Eredivisie,4 - 2,2,1%
Netherlands - Eredivisie,2 - 6,1,0%
Netherlands - Eredivisie,6 - 2,1,0%
Netherlands - Eredivisie,0 - 5,1,0%
Netherlands - Eredivisie,5 - 3,1,0%
Netherlands - Eredivisie,5 - 2,1,0%
Netherlands - Eredivisie,5 - 1,1,0%
Netherlands - Eredivisie,3 - 4,1,0%
Netherlands - Eredivisie,2 - 4,1,0%
Netherlands - Eredivisie,0 - 4,1,0%
Netherlands - Eerste Divisie,1 - 1,37,10%
Netherlands - Eerste Divisie,1 - 0,29,8%
Netherlands - Eerste Divisie,2 - 1,27,7%
Netherlands - Eerste Divisie,2 - 0,26,7%
Netherlands - Eerste Divisie,1 - 2,24,6%
Netherlands - Eerste Divisie,2 - 2,23,6%
Netherlands - Eerste Divisie,0 - 1,23,6%
Netherlands - Eerste Divisie,0 - 0,23,6%
Netherlands - Eerste Divisie,3 - 0,22,6%
Netherlands - Eerste Divisie,3 - 1,19,5%
Netherlands - Eerste Divisie,0 - 2,15,4%
Netherlands - Eerste Divisie,3 - 2,14,4%
Netherlands - Eerste Divisie,4 - 0,13,3%
Netherlands - Eerste Divisie,2 - 3,12,3%
Netherlands - Eerste Divisie,1 - 3,11,3%
Netherlands - Eerste Divisie,1 - 4,9,2%
Netherlands - Eerste Divisie,0 - 3,9,2%
Netherlands - Eerste Divisie,0 - 4,6,2%
Netherlands - Eerste Divisie,5 - 0,5,1%
Netherlands - Eerste Divisie,3 - 3,5,1%
Netherlands - Eerste Divisie,4 - 2,5,1%
Netherlands - Eerste Divisie,4 - 1,5,1%
Netherlands - Eerste Divisie,5 - 1,3,1%
Netherlands - Eerste Divisie,2 - 4,3,1%
Netherlands - Eerste Divisie,6 - 0,2,1%
Netherlands - Eerste Divisie,3 - 4,2,1%
Netherlands - Eerste Divisie,4 - 3,2,1%
Netherlands - Eerste Divisie,0 - 6,1,0%
Netherlands - Eerste Divisie,6 - 4,1,0%
Netherlands - Eerste Divisie,6 - 1,1,0%
Netherlands - Eerste Divisie,1 - 5,1,0%
Netherlands - Eerste Divisie,0 - 5,1,0%
Netherlands - Eerste Divisie,other scores,1,0%
Northern Ireland - NIFL Premiership,0 - 1,25,11%
Northern Ireland - NIFL Premiership,1 - 0,25,11%
Northern Ireland - NIFL Premiership,2 - 0,24,11%
Northern Ireland - NIFL Premiership,2 - 1,20,9%
Northern Ireland - NIFL Premiership,1 - 1,19,8%
Northern Ireland - NIFL Premiership,0 - 0,14,6%
Northern Ireland - NIFL Premiership,2 - 2,13,6%
Northern Ireland - NIFL Premiership,0 - 2,12,5%
Northern Ireland - NIFL Premiership,1 - 2,11,5%
Northern Ireland - NIFL Premiership,1 - 3,10,4%
Northern Ireland - NIFL Premiership,3 - 1,10,4%
Northern Ireland - NIFL Premiership,0 - 3,8,4%
Northern Ireland - NIFL Premiership,3 - 0,8,4%
Northern Ireland - NIFL Premiership,1 - 4,4,2%
Northern Ireland - NIFL Premiership,0 - 4,4,2%
Northern Ireland - NIFL Premiership,2 - 3,4,2%
Northern Ireland - NIFL Premiership,3 - 2,4,2%
Northern Ireland - NIFL Premiership,4 - 1,3,1%
Northern Ireland - NIFL Premiership,1 - 5,2,1%
Northern Ireland - NIFL Premiership,3 - 3,2,1%
Northern Ireland - NIFL Premiership,4 - 0,2,1%
Northern Ireland - NIFL Premiership,5 - 2,1,0%
Northern Ireland - NIFL Premiership,5 - 1,1,0%
Northern Ireland - NIFL Premiership,5 - 0,1,0%
Northern Ireland - NIFL Premiership,4 - 2,1,0%
Norway - Eliteserien,1 - 1,13,10%
Norway - Eliteserien,3 - 1,11,9%
Norway - Eliteserien,0 - 1,10,8%
Norway - Eliteserien,0 - 2,8,6%
Norway - Eliteserien,2 - 1,8,6%
Norway - Eliteserien,3 - 0,8,6%
Norway - Eliteserien,1 - 0,8,6%
Norway - Eliteserien,0 - 0,7,6%
Norway - Eliteserien,2 - 0,6,5%
Norway - Eliteserien,2 - 3,5,4%
Norway - Eliteserien,3 - 2,5,4%
Norway - Eliteserien,1 - 3,4,3%
Norway - Eliteserien,0 - 3,4,3%
Norway - Eliteserien,1 - 2,4,3%
Norway - Eliteserien,2 - 4,3,2%
Norway - Eliteserien,2 - 2,3,2%
Norway - Eliteserien,4 - 1,3,2%
Norway - Eliteserien,4 - 0,3,2%
Norway - Eliteserien,0 - 5,2,2%
Norway - Eliteserien,4 - 2,2,2%
Norway - Eliteserien,6 - 0,1,1%
Norway - Eliteserien,2 - 5,1,1%
Norway - Eliteserien,5 - 1,1,1%
Norway - Eliteserien,5 - 0,1,1%
Norway - Eliteserien,other scores,1,1%
Norway - Eliteserien,4 - 4,1,1%
Norway - Eliteserien,1 - 4,1,1%
Norway - Eliteserien,0 - 4,1,1%
Norway - Eliteserien,4 - 3,1,1%
Norway - 1st Division,1 - 1,17,15%
Norway - 1st Division,2 - 1,13,12%
Norway - 1st Division,2 - 2,12,11%
Norway - 1st Division,2 - 0,7,6%
Norway - 1st Division,1 - 0,7,6%
Norway - 1st Division,0 - 1,6,5%
Norway - 1st Division,3 - 2,5,4%
Norway - 1st Division,3 - 1,5,4%
Norway - 1st Division,1 - 4,4,4%
Norway - 1st Division,1 - 3,4,4%
Norway - 1st Division,0 - 3,4,4%
Norway - 1st Division,1 - 2,4,4%
Norway - 1st Division,0 - 0,4,4%
Norway - 1st Division,0 - 2,3,3%
Norway - 1st Division,3 - 4,2,2%
Norway - 1st Division,2 - 3,2,2%
Norway - 1st Division,4 - 2,2,2%
Norway - 1st Division,3 - 0,2,2%
Norway - 1st Division,0 - 6,1,1%
Norway - 1st Division,6 - 1,1,1%
Norway - 1st Division,6 - 0,1,1%
Norway - 1st Division,0 - 5,1,1%
Norway - 1st Division,5 - 1,1,1%
Norway - 1st Division,2 - 4,1,1%
Norway - 1st Division,0 - 4,1,1%
Norway - 1st Division,4 - 3,1,1%
Norway - 1st Division,4 - 0,1,1%
Norway - Division 3,1 - 1,16,16%
Norway - Division 3,2 - 1,13,13%
Norway - Division 3,1 - 2,11,11%
Norway - Division 3,3 - 0,6,6%
Norway - Division 3,2 - 2,5,5%
Norway - Division 3,0 - 2,5,5%
Norway - Division 3,0 - 0,5,5%
Norway - Division 3,3 - 3,4,4%
Norway - Division 3,1 - 0,4,4%
Norway - Division 3,6 - 1,3,3%
Norway - Division 3,4 - 4,3,3%
Norway - Division 3,2 - 0,3,3%
Norway - Division 3,2 - 4,2,2%
Norway - Division 3,4 - 3,2,2%
Norway - Division 3,2 - 3,2,2%
Norway - Division 3,1 - 3,2,2%
Norway - Division 3,4 - 1,2,2%
Norway - Division 3,3 - 1,2,2%
Norway - Division 3,2 - 5,1,1%
Norway - Division 3,5 - 3,1,1%
Norway - Division 3,5 - 1,1,1%
Norway - Division 3,other scores,1,1%
Norway - Division 3,3 - 4,1,1%
Norway - Division 3,0 - 4,1,1%
Norway - Division 3,3 - 2,1,1%
Norway - Division 3,4 - 0,1,1%
Paraguay - Primera Div. - Apertura,1 - 1,27,20%
Paraguay - Primera Div. - Apertura,0 - 1,16,12%
Paraguay - Primera Div. - Apertura,1 - 0,16,12%
Paraguay - Primera Div. - Apertura,0 - 0,15,11%
Paraguay - Primera Div. - Apertura,2 - 1,13,10%
Paraguay - Primera Div. - Apertura,1 - 2,8,6%
Paraguay - Primera Div. - Apertura,1 - 3,6,5%
Paraguay - Primera Div. - Apertura,2 - 2,5,4%
Paraguay - Primera Div. - Apertura,2 - 0,5,4%
Paraguay - Primera Div. - Apertura,0 - 3,3,2%
Paraguay - Primera Div. - Apertura,0 - 2,3,2%
Paraguay - Primera Div. - Apertura,3 - 1,3,2%
Paraguay - Primera Div. - Apertura,3 - 0,3,2%
Paraguay - Primera Div. - Apertura,1 - 6,1,1%
Paraguay - Primera Div. - Apertura,0 - 5,1,1%
Paraguay - Primera Div. - Apertura,5 - 2,1,1%
Paraguay - Primera Div. - Apertura,2 - 4,1,1%
Paraguay - Primera Div. - Apertura,1 - 4,1,1%
Paraguay - Primera Div. - Apertura,0 - 4,1,1%
Paraguay - Primera Div. - Apertura,2 - 3,1,1%
Paraguay - Primera Div. - Apertura,4 - 2,1,1%
Paraguay - Primera Div. - Apertura,4 - 0,1,1%
Paraguay - Primera Div. - Clausura,0 - 1,5,19%
Paraguay - Primera Div. - Clausura,3 - 1,4,15%
Paraguay - Primera Div. - Clausura,0 - 0,4,15%
Paraguay - Primera Div. - Clausura,1 - 1,2,8%
Paraguay - Primera Div. - Clausura,1 - 0,2,8%
Paraguay - Primera Div. - Clausura,2 - 4,1,4%
Paraguay - Primera Div. - Clausura,4 - 3,1,4%
Paraguay - Primera Div. - Clausura,2 - 3,1,4%
Paraguay - Primera Div. - Clausura,1 - 3,1,4%
Paraguay - Primera Div. - Clausura,3 - 2,1,4%
Paraguay - Primera Div. - Clausura,0 - 2,1,4%
Paraguay - Primera Div. - Clausura,2 - 1,1,4%
Paraguay - Primera Div. - Clausura,3 - 0,1,4%
Paraguay - Primera Div. - Clausura,2 - 0,1,4%
Paraguay - Division Intermedia,1 - 1,27,19%
Paraguay - Division Intermedia,1 - 0,20,14%
Paraguay - Division Intermedia,2 - 1,16,11%
Paraguay - Division Intermedia,0 - 0,16,11%
Paraguay - Division Intermedia,0 - 1,12,8%
Paraguay - Division Intermedia,2 - 0,8,6%
Paraguay - Division Intermedia,1 - 2,6,4%
Paraguay - Division Intermedia,0 - 2,6,4%
Paraguay - Division Intermedia,3 - 1,6,4%
Paraguay - Division Intermedia,2 - 2,5,3%
Paraguay - Division Intermedia,3 - 0,5,3%
Paraguay - Division Intermedia,3 - 3,3,2%
Paraguay - Division Intermedia,3 - 2,3,2%
Paraguay - Division Intermedia,4 - 0,3,2%
Paraguay - Division Intermedia,0 - 3,2,1%
Paraguay - Division Intermedia,4 - 1,2,1%
Paraguay - Division Intermedia,3 - 4,1,1%
Paraguay - Division Intermedia,1 - 4,1,1%
Paraguay - Division Intermedia,0 - 4,1,1%
Paraguay - Division Intermedia,1 - 3,1,1%
Peru - Liga 1 - Apertura,1 - 1,22,13%
Peru - Liga 1 - Apertura,0 - 1,18,11%
Peru - Liga 1 - Apertura,2 - 1,16,9%
Peru - Liga 1 - Apertura,1 - 0,16,9%
Peru - Liga 1 - Apertura,2 - 0,12,7%
Peru - Liga 1 - Apertura,0 - 0,11,6%
Peru - Liga 1 - Apertura,1 - 2,10,6%
Peru - Liga 1 - Apertura,3 - 0,10,6%
Peru - Liga 1 - Apertura,2 - 2,9,5%
Peru - Liga 1 - Apertura,3 - 2,6,4%
Peru - Liga 1 - Apertura,0 - 2,5,3%
Peru - Liga 1 - Apertura,3 - 1,5,3%
Peru - Liga 1 - Apertura,4 - 2,4,2%
Peru - Liga 1 - Apertura,4 - 1,4,2%
Peru - Liga 1 - Apertura,4 - 0,4,2%
Peru - Liga 1 - Apertura,2 - 3,3,2%
Peru - Liga 1 - Apertura,1 - 3,3,2%
Peru - Liga 1 - Apertura,5 - 0,2,1%
Peru - Liga 1 - Apertura,0 - 4,2,1%
Peru - Liga 1 - Apertura,3 - 3,2,1%
Peru - Liga 1 - Apertura,6 - 1,1,1%
Peru - Liga 1 - Apertura,6 - 0,1,1%
Peru - Liga 1 - Apertura,5 - 1,1,1%
Peru - Liga 1 - Apertura,2 - 4,1,1%
Peru - Liga 1 - Apertura,1 - 4,1,1%
Peru - Liga 1 - Apertura,4 - 3,1,1%
Peru - Liga 1 - Apertura,0 - 3,1,1%
Poland - Ekstraklasa,0 - 1,2,12%
Poland - Ekstraklasa,2 - 0,2,12%
Poland - Ekstraklasa,1 - 0,2,12%
Poland - Ekstraklasa,5 - 1,1,6%
Poland - Ekstraklasa,3 - 4,1,6%
Poland - Ekstraklasa,1 - 4,1,6%
Poland - Ekstraklasa,0 - 4,1,6%
Poland - Ekstraklasa,3 - 2,1,6%
Poland - Ekstraklasa,2 - 2,1,6%
Poland - Ekstraklasa,1 - 2,1,6%
Poland - Ekstraklasa,0 - 2,1,6%
Poland - Ekstraklasa,4 - 1,1,6%
Poland - Ekstraklasa,2 - 1,1,6%
Poland - Ekstraklasa,1 - 1,1,6%
Poland - 1. Liga,2 - 1,5,28%
Poland - 1. Liga,1 - 1,4,22%
Poland - 1. Liga,4 - 5,1,6%
Poland - 1. Liga,5 - 0,1,6%
Poland - 1. Liga,0 - 4,1,6%
Poland - 1. Liga,4 - 3,1,6%
Poland - 1. Liga,0 - 3,1,6%
Poland - 1. Liga,1 - 2,1,6%
Poland - 1. Liga,0 - 1,1,6%
Poland - 1. Liga,3 - 0,1,6%
Poland - 1. Liga,1 - 0,1,6%
Portugal - Liga Portugal,1 - 1,37,12%
Portugal - Liga Portugal,1 - 0,37,12%
Portugal - Liga Portugal,0 - 1,25,8%
Portugal - Liga Portugal,2 - 1,24,8%
Portugal - Liga Portugal,1 - 2,22,7%
Portugal - Liga Portugal,2 - 0,22,7%
Portugal - Liga Portugal,2 - 2,20,7%
Portugal - Liga Portugal,0 - 0,19,6%
Portugal - Liga Portugal,0 - 2,16,5%
Portugal - Liga Portugal,0 - 3,15,5%
Portugal - Liga Portugal,3 - 1,14,5%
Portugal - Liga Portugal,3 - 0,11,4%
Portugal - Liga Portugal,4 - 0,7,2%
Portugal - Liga Portugal,3 - 2,6,2%
Portugal - Liga Portugal,4 - 1,6,2%
Portugal - Liga Portugal,2 - 3,5,2%
Portugal - Liga Portugal,1 - 3,4,1%
Portugal - Liga Portugal,0 - 5,3,1%
Portugal - Liga Portugal,5 - 1,2,1%
Portugal - Liga Portugal,2 - 4,2,1%
Portugal - Liga Portugal,1 - 4,2,1%
Portugal - Liga Portugal,3 - 3,2,1%
Portugal - Liga Portugal,1 - 6,1,0%
Portugal - Liga Portugal,6 - 0,1,0%
Portugal - Liga Portugal,5 - 0,1,0%
Portugal - Liga Portugal,4 - 4,1,0%
Portugal - Liga Portugal,4 - 2,1,0%
Portugal - Liga Portugal 2,1 - 1,44,14%
Portugal - Liga Portugal 2,2 - 1,32,10%
Portugal - Liga Portugal 2,1 - 0,29,9%
Portugal - Liga Portugal 2,1 - 2,28,9%
Portugal - Liga Portugal 2,0 - 1,27,9%
Portugal - Liga Portugal 2,0 - 0,25,8%
Portugal - Liga Portugal 2,2 - 0,21,7%
Portugal - Liga Portugal 2,2 - 2,19,6%
Portugal - Liga Portugal 2,0 - 2,13,4%
Portugal - Liga Portugal 2,3 - 2,10,3%
Portugal - Liga Portugal 2,1 - 3,8,3%
Portugal - Liga Portugal 2,3 - 0,8,3%
Portugal - Liga Portugal 2,0 - 3,7,2%
Portugal - Liga Portugal 2,3 - 1,6,2%
Portugal - Liga Portugal 2,5 - 0,4,1%
Portugal - Liga Portugal 2,1 - 4,4,1%
Portugal - Liga Portugal 2,2 - 3,4,1%
Portugal - Liga Portugal 2,4 - 0,4,1%
Portugal - Liga Portugal 2,2 - 4,2,1%
Portugal - Liga Portugal 2,0 - 4,2,1%
Portugal - Liga Portugal 2,4 - 3,2,1%
Portugal - Liga Portugal 2,3 - 3,2,1%
Portugal - Liga Portugal 2,4 - 2,2,1%
Portugal - Liga Portugal 2,0 - 5,1,0%
Portugal - Liga Portugal 2,5 - 1,1,0%
Portugal - Liga Portugal 2,4 - 1,1,0%
Romania - Liga 1,1 - 1,4,17%
Romania - Liga 1,0 - 2,3,12%
Romania - Liga 1,2 - 1,3,12%
Romania - Liga 1,2 - 2,2,8%
Romania - Liga 1,0 - 0,2,8%
Romania - Liga 1,6 - 1,1,4%
Romania - Liga 1,1 - 4,1,4%
Romania - Liga 1,3 - 3,1,4%
Romania - Liga 1,0 - 3,1,4%
Romania - Liga 1,3 - 2,1,4%
Romania - Liga 1,1 - 2,1,4%
Romania - Liga 1,3 - 1,1,4%
Romania - Liga 1,0 - 1,1,4%
Romania - Liga 1,4 - 0,1,4%
Romania - Liga 1,1 - 0,1,4%
Serbia - Super Liga,1 - 3,3,21%
Serbia - Super Liga,1 - 1,2,14%
Serbia - Super Liga,other scores,1,7%
Serbia - Super Liga,2 - 2,1,7%
Serbia - Super Liga,3 - 1,1,7%
Serbia - Super Liga,2 - 1,1,7%
Serbia - Super Liga,0 - 1,1,7%
Serbia - Super Liga,4 - 0,1,7%
Serbia - Super Liga,2 - 0,1,7%
Serbia - Super Liga,1 - 0,1,7%
Serbia - Super Liga,0 - 0,1,7%
Singapore - Premier League,1 - 1,11,8%
Singapore - Premier League,3 - 1,10,7%
Singapore - Premier League,2 - 2,9,6%
Singapore - Premier League,2 - 3,8,6%
Singapore - Premier League,other scores,7,5%
Singapore - Premier League,2 - 1,7,5%
Singapore - Premier League,2 - 4,6,4%
Singapore - Premier League,3 - 2,6,4%
Singapore - Premier League,3 - 0,6,4%
Singapore - Premier League,1 - 4,5,3%
Singapore - Premier League,3 - 3,5,3%
Singapore - Premier League,0 - 2,5,3%
Singapore - Premier League,0 - 1,5,3%
Singapore - Premier League,1 - 0,5,3%
Singapore - Premier League,5 - 1,4,3%
Singapore - Premier League,0 - 3,4,3%
Singapore - Premier League,1 - 2,4,3%
Singapore - Premier League,0 - 0,4,3%
Singapore - Premier League,0 - 6,3,2%
Singapore - Premier League,0 - 5,3,2%
Singapore - Premier League,4 - 4,3,2%
Singapore - Premier League,1 - 3,3,2%
Singapore - Premier League,6 - 0,2,1%
Singapore - Premier League,1 - 5,2,1%
Singapore - Premier League,5 - 0,2,1%
Singapore - Premier League,3 - 4,2,1%
Singapore - Premier League,0 - 4,2,1%
Singapore - Premier League,4 - 3,2,1%
Singapore - Premier League,4 - 1,2,1%
Singapore - Premier League,4 - 0,2,1%
Singapore - Premier League,2 - 6,1,1%
Singapore - Premier League,5 - 3,1,1%
Singapore - Premier League,5 - 2,1,1%
Singapore - Premier League,4 - 2,1,1%
Singapore - Premier League,2 - 0,1,1%
Slovenia - Prva Liga,1 - 2,3,30%
Slovenia - Prva Liga,2 - 0,3,30%
Slovenia - Prva Liga,0 - 3,1,10%
Slovenia - Prva Liga,3 - 2,1,10%
Slovenia - Prva Liga,2 - 1,1,10%
Slovenia - Prva Liga,1 - 0,1,10%
Slovakia - Fortuna Liga,2 - 2,1,17%
Slovakia - Fortuna Liga,1 - 2,1,17%
Slovakia - Fortuna Liga,3 - 1,1,17%
Slovakia - Fortuna Liga,1 - 1,1,17%
Slovakia - Fortuna Liga,3 - 0,1,17%
Slovakia - Fortuna Liga,0 - 0,1,17%
South Africa - Premier Division ,1 - 0,35,17%
South Africa - Premier Division ,1 - 1,30,14%
South Africa - Premier Division ,0 - 1,26,12%
South Africa - Premier Division ,2 - 0,23,11%
South Africa - Premier Division ,0 - 0,21,10%
South Africa - Premier Division ,2 - 1,17,8%
South Africa - Premier Division ,1 - 2,12,6%
South Africa - Premier Division ,0 - 2,10,5%
South Africa - Premier Division ,3 - 0,9,4%
South Africa - Premier Division ,1 - 3,4,2%
South Africa - Premier Division ,0 - 3,4,2%
South Africa - Premier Division ,2 - 2,3,1%
South Africa - Premier Division ,4 - 1,3,1%
South Africa - Premier Division ,3 - 1,3,1%
South Africa - Premier Division ,1 - 4,2,1%
South Africa - Premier Division ,3 - 2,2,1%
South Africa - Premier Division ,0 - 5,1,0%
South Africa - Premier Division ,other scores,1,0%
South Africa - Premier Division ,2 - 4,1,0%
South Africa - Premier Division ,2 - 3,1,0%
South Africa - Premier Division ,4 - 2,1,0%
South Africa - Premier Division ,4 - 0,1,0%
South Korea - K League 1,1 - 1,19,13%
South Korea - K League 1,0 - 1,17,12%
South Korea - K League 1,2 - 1,16,11%
South Korea - K League 1,1 - 0,13,9%
South Korea - K League 1,1 - 2,12,8%
South Korea - K League 1,0 - 0,11,8%
South Korea - K League 1,2 - 0,10,7%
South Korea - K League 1,2 - 2,8,6%
South Korea - K League 1,1 - 3,6,4%
South Korea - K League 1,3 - 1,6,4%
South Korea - K League 1,2 - 3,5,3%
South Korea - K League 1,3 - 2,5,3%
South Korea - K League 1,0 - 2,4,3%
South Korea - K League 1,0 - 3,3,2%
South Korea - K League 1,3 - 0,3,2%
South Korea - K League 1,0 - 4,2,1%
South Korea - K League 1,1 - 5,1,1%
South Korea - K League 1,4 - 1,1,1%
South Korea - K League 1,4 - 0,1,1%
South Korea - K League 2,1 - 1,18,12%
South Korea - K League 2,0 - 1,17,11%
South Korea - K League 2,2 - 1,14,9%
South Korea - K League 2,1 - 0,13,8%
South Korea - K League 2,0 - 2,12,8%
South Korea - K League 2,0 - 0,12,8%
South Korea - K League 2,2 - 2,9,6%
South Korea - K League 2,2 - 0,9,6%
South Korea - K League 2,1 - 2,8,5%
South Korea - K League 2,3 - 0,7,5%
South Korea - K League 2,3 - 1,6,4%
South Korea - K League 2,1 - 3,4,3%
South Korea - K League 2,4 - 2,4,3%
South Korea - K League 2,3 - 2,4,3%
South Korea - K League 2,3 - 3,3,2%
South Korea - K League 2,2 - 3,3,2%
South Korea - K League 2,0 - 3,3,2%
South Korea - K League 2,1 - 4,2,1%
South Korea - K League 2,4 - 1,2,1%
South Korea - K League 2,4 - 0,2,1%
South Korea - K League 2,5 - 3,1,1%
South Korea - K League 2,3 - 4,1,1%
Spain - La Liga,1 - 1,57,15%
Spain - La Liga,1 - 0,53,14%
Spain - La Liga,1 - 2,37,10%
Spain - La Liga,2 - 1,33,9%
Spain - La Liga,0 - 1,31,8%
Spain - La Liga,0 - 0,21,6%
Spain - La Liga,2 - 0,20,5%
Spain - La Liga,2 - 2,16,4%
Spain - La Liga,3 - 0,16,4%
Spain - La Liga,0 - 2,13,3%
Spain - La Liga,3 - 1,10,3%
Spain - La Liga,3 - 2,9,2%
Spain - La Liga,2 - 3,8,2%
Spain - La Liga,0 - 3,8,2%
Spain - La Liga,4 - 2,6,2%
Spain - La Liga,4 - 1,6,2%
Spain - La Liga,0 - 4,5,1%
Spain - La Liga,4 - 3,5,1%
Spain - La Liga,1 - 3,5,1%
Spain - La Liga,4 - 0,5,1%
Spain - La Liga,5 - 1,3,1%
Spain - La Liga,other scores,3,1%
Spain - La Liga,3 - 3,3,1%
Spain - La Liga,1 - 5,2,1%
Spain - La Liga,1 - 4,2,1%
Spain - La Liga,2 - 5,1,0%
Spain - La Liga,0 - 5,1,0%
Spain - La Liga,2 - 4,1,0%
Spain - La Liga 2,1 - 0,66,14%
Spain - La Liga 2,1 - 1,48,10%
Spain - La Liga 2,2 - 1,44,10%
Spain - La Liga 2,0 - 0,44,10%
Spain - La Liga 2,2 - 2,36,8%
Spain - La Liga 2,0 - 1,36,8%
Spain - La Liga 2,2 - 0,34,7%
Spain - La Liga 2,1 - 2,29,6%
Spain - La Liga 2,3 - 1,23,5%
Spain - La Liga 2,1 - 3,13,3%
Spain - La Liga 2,2 - 3,12,3%
Spain - La Liga 2,3 - 2,12,3%
Spain - La Liga 2,0 - 2,11,2%
Spain - La Liga 2,3 - 0,10,2%
Spain - La Liga 2,4 - 1,9,2%
Spain - La Liga 2,0 - 3,5,1%
Spain - La Liga 2,4 - 0,5,1%
Spain - La Liga 2,1 - 4,3,1%
Spain - La Liga 2,0 - 4,3,1%
Spain - La Liga 2,4 - 2,3,1%
Spain - La Liga 2,2 - 5,2,0%
Spain - La Liga 2,1 - 5,2,0%
Spain - La Liga 2,5 - 2,2,0%
Spain - La Liga 2,5 - 1,2,0%
Spain - La Liga 2,5 - 0,2,0%
Spain - La Liga 2,2 - 4,2,0%
Spain - La Liga 2,3 - 3,2,0%
Spain - La Liga 2,6 - 0,1,0%
Spain - La Liga 2,4 - 3,1,0%
Sweden - Allsvenskan,1 - 1,16,12%
Sweden - Allsvenskan,2 - 0,16,12%
Sweden - Allsvenskan,0 - 1,14,10%
Sweden - Allsvenskan,1 - 0,12,9%
Sweden - Allsvenskan,1 - 2,10,7%
Sweden - Allsvenskan,0 - 0,9,7%
Sweden - Allsvenskan,1 - 3,7,5%
Sweden - Allsvenskan,0 - 3,6,4%
Sweden - Allsvenskan,3 - 0,6,4%
Sweden - Allsvenskan,4 - 3,5,4%
Sweden - Allsvenskan,0 - 2,5,4%
Sweden - Allsvenskan,3 - 1,5,4%
Sweden - Allsvenskan,2 - 3,4,3%
Sweden - Allsvenskan,3 - 2,4,3%
Sweden - Allsvenskan,2 - 1,4,3%
Sweden - Allsvenskan,2 - 2,3,2%
Sweden - Allsvenskan,1 - 4,2,1%
Sweden - Allsvenskan,4 - 1,2,1%
Sweden - Allsvenskan,4 - 0,2,1%
Sweden - Allsvenskan,1 - 6,1,1%
Sweden - Allsvenskan,0 - 5,1,1%
Sweden - Allsvenskan,5 - 1,1,1%
Sweden - Allsvenskan,3 - 4,1,1%
Sweden - Allsvenskan,3 - 3,1,1%
Sweden - Allsvenskan,4 - 2,1,1%
Sweden - Superettan,2 - 2,16,12%
Sweden - Superettan,1 - 0,12,9%
Sweden - Superettan,1 - 2,11,9%
Sweden - Superettan,0 - 2,11,9%
Sweden - Superettan,1 - 1,11,9%
Sweden - Superettan,2 - 1,9,7%
Sweden - Superettan,0 - 1,9,7%
Sweden - Superettan,0 - 0,9,7%
Sweden - Superettan,2 - 0,8,6%
Sweden - Superettan,3 - 3,4,3%
Sweden - Superettan,1 - 3,3,2%
Sweden - Superettan,4 - 2,3,2%
Sweden - Superettan,4 - 0,3,2%
Sweden - Superettan,1 - 5,2,2%
Sweden - Superettan,5 - 1,2,2%
Sweden - Superettan,0 - 3,2,2%
Sweden - Superettan,3 - 2,2,2%
Sweden - Superettan,4 - 1,2,2%
Sweden - Superettan,3 - 1,2,2%
Sweden - Superettan,3 - 0,2,2%
Sweden - Superettan,6 - 0,1,1%
Sweden - Superettan,5 - 0,1,1%
Sweden - Superettan,4 - 4,1,1%
Sweden - Superettan,0 - 4,1,1%
Sweden - Superettan,2 - 3,1,1%
Sweden - Sodra,1 - 1,13,11%
Sweden - Sodra,0 - 2,10,8%
Sweden - Sodra,2 - 2,9,7%
Sweden - Sodra,1 - 0,9,7%
Sweden - Sodra,0 - 0,9,7%
Sweden - Sodra,2 - 1,8,7%
Sweden - Sodra,3 - 0,8,7%
Sweden - Sodra,2 - 0,7,6%
Sweden - Sodra,1 - 2,6,5%
Sweden - Sodra,3 - 1,6,5%
Sweden - Sodra,0 - 1,6,5%
Sweden - Sodra,0 - 3,4,3%
Sweden - Sodra,3 - 2,4,3%
Sweden - Sodra,3 - 3,3,2%
Sweden - Sodra,6 - 1,2,2%
Sweden - Sodra,1 - 4,2,2%
Sweden - Sodra,1 - 3,2,2%
Sweden - Sodra,4 - 1,2,2%
Sweden - Sodra,4 - 0,2,2%
Sweden - Sodra,1 - 6,1,1%
Sweden - Sodra,0 - 6,1,1%
Sweden - Sodra,1 - 5,1,1%
Sweden - Sodra,5 - 0,1,1%
Sweden - Sodra,other scores,1,1%
Sweden - Sodra,2 - 4,1,1%
Sweden - Sodra,4 - 3,1,1%
Sweden - Sodra,2 - 3,1,1%
Sweden - Sodra,4 - 2,1,1%
Switzerland - Super League,2 - 3,2,33%
Switzerland - Super League,3 - 2,1,17%
Switzerland - Super League,1 - 2,1,17%
Switzerland - Super League,3 - 1,1,17%
Switzerland - Super League,2 - 1,1,17%
Switzerland - Challenge League,1 - 1,2,50%
Switzerland - Challenge League,2 - 1,1,25%
Switzerland - Challenge League,1 - 0,1,25%
Thailand - Thai League 1,1 - 1,31,13%
Thailand - Thai League 1,1 - 0,26,11%
Thailand - Thai League 1,2 - 1,21,9%
Thailand - Thai League 1,0 - 0,16,7%
Thailand - Thai League 1,1 - 2,15,6%
Thailand - Thai League 1,2 - 0,15,6%
Thailand - Thai League 1,3 - 2,11,5%
Thailand - Thai League 1,2 - 2,9,4%
Thailand - Thai League 1,3 - 1,9,4%
Thailand - Thai League 1,0 - 1,9,4%
Thailand - Thai League 1,3 - 0,9,4%
Thailand - Thai League 1,2 - 3,7,3%
Thailand - Thai League 1,1 - 3,6,2%
Thailand - Thai League 1,0 - 3,6,2%
Thailand - Thai League 1,0 - 2,6,2%
Thailand - Thai League 1,4 - 1,6,2%
Thailand - Thai League 1,4 - 0,6,2%
Thailand - Thai League 1,other scores,4,2%
Thailand - Thai League 1,1 - 4,4,2%
Thailand - Thai League 1,3 - 3,4,2%
Thailand - Thai League 1,5 - 0,3,1%
Thailand - Thai League 1,4 - 2,3,1%
Thailand - Thai League 1,6 - 0,2,1%
Thailand - Thai League 1,1 - 5,2,1%
Thailand - Thai League 1,2 - 4,2,1%
Thailand - Thai League 1,1 - 6,1,0%
Thailand - Thai League 1,6 - 1,1,0%
Thailand - Thai League 1,0 - 5,1,0%
Thailand - Thai League 1,5 - 3,1,0%
Thailand - Thai League 1,5 - 2,1,0%
Thailand - Thai League 1,5 - 1,1,0%
Thailand - Thai League 1,4 - 4,1,0%
Thailand - Thai League 1,0 - 4,1,0%
Turkey - Super Lig,1 - 1,37,11%
Turkey - Super Lig,2 - 1,34,10%
Turkey - Super Lig,1 - 0,30,9%
Turkey - Super Lig,0 - 1,25,7%
Turkey - Super Lig,0 - 0,25,7%
Turkey - Super Lig,2 - 0,22,6%
Turkey - Super Lig,1 - 2,19,6%
Turkey - Super Lig,3 - 2,18,5%
Turkey - Super Lig,3 - 1,18,5%
Turkey - Super Lig,2 - 2,14,4%
Turkey - Super Lig,0 - 2,14,4%
Turkey - Super Lig,3 - 0,13,4%
Turkey - Super Lig,2 - 3,9,3%
Turkey - Super Lig,1 - 3,8,2%
Turkey - Super Lig,4 - 1,6,2%
Turkey - Super Lig,5 - 0,5,1%
Turkey - Super Lig,0 - 3,5,1%
Turkey - Super Lig,4 - 0,5,1%
Turkey - Super Lig,2 - 4,4,1%
Turkey - Super Lig,3 - 3,4,1%
Turkey - Super Lig,1 - 5,3,1%
Turkey - Super Lig,5 - 2,3,1%
Turkey - Super Lig,1 - 4,3,1%
Turkey - Super Lig,4 - 3,3,1%
Turkey - Super Lig,4 - 2,3,1%
Turkey - Super Lig,0 - 5,2,1%
Turkey - Super Lig,5 - 4,2,1%
Turkey - Super Lig,5 - 1,2,1%
Turkey - Super Lig,0 - 4,2,1%
Turkey - Super Lig,2 - 6,1,0%
Turkey - Super Lig,6 - 3,1,0%
Turkey - Super Lig,6 - 0,1,0%
Turkey - Super Lig,3 - 5,1,0%
UAE - Pro League,2 - 1,16,9%
UAE - Pro League,0 - 1,15,8%
UAE - Pro League,1 - 1,13,7%
UAE - Pro League,2 - 2,12,7%
UAE - Pro League,1 - 0,12,7%
UAE - Pro League,1 - 2,11,6%
UAE - Pro League,3 - 1,11,6%
UAE - Pro League,0 - 0,11,6%
UAE - Pro League,3 - 0,8,4%
UAE - Pro League,2 - 0,8,4%
UAE - Pro League,0 - 2,7,4%
UAE - Pro League,2 - 3,6,3%
UAE - Pro League,1 - 3,6,3%
UAE - Pro League,0 - 3,5,3%
UAE - Pro League,3 - 2,5,3%
UAE - Pro League,4 - 1,5,3%
UAE - Pro League,4 - 0,5,3%
UAE - Pro League,3 - 3,4,2%
UAE - Pro League,2 - 4,3,2%
UAE - Pro League,1 - 4,3,2%
UAE - Pro League,4 - 2,3,2%
UAE - Pro League,1 - 5,2,1%
UAE - Pro League,5 - 1,2,1%
UAE - Pro League,3 - 4,2,1%
UAE - Pro League,1 - 6,1,1%
UAE - Pro League,6 - 0,1,1%
UAE - Pro League,4 - 5,1,1%
UAE - Pro League,0 - 5,1,1%
UAE - Pro League,5 - 4,1,1%
UAE - Pro League,5 - 2,1,1%
UAE - Pro League,4 - 3,1,1%
USA - MLS,2 - 1,39,11%
USA - MLS,1 - 0,30,8%
USA - MLS,1 - 1,29,8%
USA - MLS,0 - 1,29,8%
USA - MLS,2 - 0,29,8%
USA - MLS,0 - 0,29,8%
USA - MLS,1 - 2,26,7%
USA - MLS,2 - 2,21,6%
USA - MLS,3 - 0,17,5%
USA - MLS,3 - 3,13,4%
USA - MLS,1 - 3,13,4%
USA - MLS,0 - 2,11,3%
USA - MLS,2 - 4,9,2%
USA - MLS,3 - 2,9,2%
USA - MLS,4 - 1,8,2%
USA - MLS,3 - 1,8,2%
USA - MLS,2 - 3,7,2%
USA - MLS,0 - 3,7,2%
USA - MLS,4 - 2,6,2%
USA - MLS,1 - 4,4,1%
USA - MLS,other scores,3,1%
USA - MLS,3 - 4,3,1%
USA - MLS,4 - 0,3,1%
USA - MLS,3 - 5,2,1%
USA - MLS,5 - 1,2,1%
USA - MLS,1 - 6,1,0%
USA - MLS,6 - 1,1,0%
USA - MLS,1 - 5,1,0%
USA - MLS,5 - 3,1,0%
USA - MLS,5 - 2,1,0%
USA - MLS,5 - 0,1,0%
USA - MLS,4 - 3,1,0%
USL Championship,2 - 1,22,11%
USL Championship,1 - 2,21,11%
USL Championship,1 - 1,21,11%
USL Championship,1 - 0,21,11%
USL Championship,0 - 1,17,9%
USL Championship,2 - 0,16,8%
USL Championship,0 - 0,15,8%
USL Championship,2 - 2,11,6%
USL Championship,0 - 2,7,4%
USL Championship,0 - 3,6,3%
USL Championship,4 - 2,6,3%
USL Championship,3 - 1,6,3%
USL Championship,3 - 0,6,3%
USL Championship,2 - 3,5,3%
USL Championship,1 - 3,5,3%
USL Championship,3 - 2,3,2%
USL Championship,4 - 4,2,1%
USL Championship,1 - 4,2,1%
USL Championship,4 - 0,2,1%
USL Championship,5 - 1,1,1%
USL Championship,5 - 0,1,1%
USL Championship,4 - 3,1,1%
USL Championship,4 - 1,1,1%
USA - USL League One,1 - 1,19,18%
USA - USL League One,3 - 1,10,9%
USA - USL League One,2 - 1,10,9%
USA - USL League One,1 - 0,10,9%
USA - USL League One,1 - 2,8,7%
USA - USL League One,2 - 2,7,6%
USA - USL League One,0 - 1,7,6%
USA - USL League One,0 - 0,7,6%
USA - USL League One,2 - 0,5,5%
USA - USL League One,0 - 2,4,4%
USA - USL League One,3 - 0,4,4%
USA - USL League One,3 - 2,3,3%
USA - USL League One,3 - 4,2,2%
USA - USL League One,1 - 3,2,2%
USA - USL League One,0 - 3,2,2%
USA - USL League One,4 - 1,2,2%
USA - USL League One,2 - 5,1,1%
USA - USL League One,4 - 4,1,1%
USA - USL League One,2 - 4,1,1%
USA - USL League One,0 - 4,1,1%
USA - USL League One,3 - 3,1,1%
USA - USL League One,2 - 3,1,1%
Venezuela - Primera Division - Apertura,1 - 0,16,18%
Venezuela - Primera Division - Apertura,0 - 0,13,14%
Venezuela - Primera Division - Apertura,2 - 1,10,11%
Venezuela - Primera Division - Apertura,1 - 1,8,9%
Venezuela - Primera Division - Apertura,0 - 2,6,7%
Venezuela - Primera Division - Apertura,0 - 1,6,7%
Venezuela - Primera Division - Apertura,2 - 0,5,5%
Venezuela - Primera Division - Apertura,2 - 2,4,4%
Venezuela - Primera Division - Apertura,1 - 3,3,3%
Venezuela - Primera Division - Apertura,1 - 2,3,3%
Venezuela - Primera Division - Apertura,1 - 4,2,2%
Venezuela - Primera Division - Apertura,2 - 3,2,2%
Venezuela - Primera Division - Apertura,4 - 2,2,2%
Venezuela - Primera Division - Apertura,3 - 2,2,2%
Venezuela - Primera Division - Apertura,3 - 1,2,2%
Venezuela - Primera Division - Apertura,3 - 0,2,2%
Venezuela - Primera Division - Apertura,3 - 4,1,1%
Venezuela - Primera Division - Apertura,3 - 3,1,1%
Venezuela - Primera Division - Apertura,0 - 3,1,1%
Venezuela - Primera Division - Apertura,4 - 1,1,1%
Venezuela - Primera Division - Apertura,4 - 0,1,1%
