League_Name,Team,Scored,1st half,2nd half,Avg. minute
Argentina - Liga Profesional,Racing Club,26,38.5%,61.5%,55
Argentina - Liga Profesional,Argentinos Jrs,24,54.2%,45.8%,41
Argentina - Liga Profesional,Boca Juniors,24,45.8%,54.2%,48
Argentina - Liga Profesional,Independiente,23,52.2%,47.8%,46
Argentina - Liga Profesional,Rosario Central,22,50.0%,50.0%,44
Argentina - Liga Profesional,Central Cordoba,21,28.6%,71.4%,63
Argentina - Liga Profesional,River Plate,21,38.1%,61.9%,57
Argentina - Liga Profesional,Barracas C.,20,45.0%,55.0%,54
Argentina - Liga Profesional,I. Rivadavia,20,35.0%,65.0%,58
Argentina - Liga Profesional,Huracan,19,42.1%,57.9%,50
Argentina - Liga Profesional,Estudiantes,18,38.9%,61.1%,54
Argentina - Liga Profesional,Aldosivi,18,38.9%,61.1%,54
Argentina - Liga Profesional,Tigre,18,50.0%,50.0%,44
Argentina - Liga Profesional,Defensa y J.,18,38.9%,61.1%,51
Argentina - Liga Profesional,A. Tucuman,17,58.8%,41.2%,46
Argentina - Liga Profesional,Instituto,16,31.3%,68.8%,60
Argentina - Liga Profesional,San Lorenzo,14,28.6%,71.4%,64
Argentina - Liga Profesional,Banfield,14,50.0%,50.0%,46
Argentina - Liga Profesional,D. Riestra,13,38.5%,61.5%,55
Argentina - Liga Profesional,Platense,13,46.2%,53.8%,46
Argentina - Liga Profesional,Lanus,13,38.5%,61.5%,55
Argentina - Liga Profesional,Belgrano,13,53.8%,46.2%,42
Argentina - Liga Profesional,Newells,12,75.0%,25.0%,40
Argentina - Liga Profesional,Union Santa Fe,11,45.5%,54.5%,60
Argentina - Liga Profesional,T. de Cordoba,11,54.5%,45.5%,41
Argentina - Liga Profesional,Sarmiento,11,36.4%,63.6%,58
Argentina - Liga Profesional,Gimnasia,9,55.6%,44.4%,50
Argentina - Liga Profesional,Godoy Cruz,8,75.0%,25.0%,43
Argentina - Liga Profesional,Velez Sarsfield,7,42.9%,57.1%,49
Argentina - Liga Profesional,SM San Juan,5,40.0%,60.0%,49
Argentina - Primera Nacional,Chacarita J.,26,30.8%,69.2%,59
Argentina - Primera Nacional,Racing Cordoba,23,52.2%,47.8%,42
Argentina - Primera Nacional,Deportivo Moron,22,50.0%,50.0%,49
Argentina - Primera Nacional,Patronato,21,47.6%,52.4%,52
Argentina - Primera Nacional,Agropecuario,20,25.0%,75.0%,53
Argentina - Primera Nacional,Gimnasia Jujuy,20,50.0%,50.0%,48
Argentina - Primera Nacional,San Telmo,19,21.1%,78.9%,68
Argentina - Primera Nacional,Chaco For Ever,19,42.1%,57.9%,53
Argentina - Primera Nacional,G. Mendoza,19,47.4%,52.6%,45
Argentina - Primera Nacional,D. Madryn,18,55.6%,44.4%,48
Argentina - Primera Nacional,CA Estudiantes,18,38.9%,61.1%,53
Argentina - Primera Nacional,San Miguel,18,33.3%,66.7%,57
Argentina - Primera Nacional,E. Rio Cuarto,18,50.0%,50.0%,47
Argentina - Primera Nacional,Atlanta,17,17.6%,82.4%,62
Argentina - Primera Nacional,Deportivo Maipu,17,47.1%,52.9%,50
Argentina - Primera Nacional,SM Tucuman,17,47.1%,52.9%,49
Argentina - Primera Nacional,Los Andes,17,23.5%,76.5%,64
Argentina - Primera Nacional,Quilmes,17,35.3%,64.7%,58
Argentina - Primera Nacional,Gimnasia y Tiro,16,50.0%,50.0%,43
Argentina - Primera Nacional,Tristan Suarez,16,50.0%,50.0%,53
Argentina - Primera Nacional,Nueva Chicago,16,43.8%,56.3%,50
Argentina - Primera Nacional,Almagro,16,50.0%,50.0%,42
Argentina - Primera Nacional,Temperley,16,50.0%,50.0%,52
Argentina - Primera Nacional,Colon Santa Fe,15,40.0%,60.0%,54
Argentina - Primera Nacional,All Boys,15,33.3%,66.7%,47
Argentina - Primera Nacional,D. de Belgrano,14,50.0%,50.0%,46
Argentina - Primera Nacional,Almirante Brown,13,53.8%,46.2%,47
Argentina - Primera Nacional,Atletico Mitre,13,23.1%,76.9%,65
Argentina - Primera Nacional,Central Norte,13,46.2%,53.8%,53
Argentina - Primera Nacional,CA Guemes,13,46.2%,53.8%,50
Argentina - Primera Nacional,Ferro Carril,12,41.7%,58.3%,47
Argentina - Primera Nacional,Arsenal Sarandi,11,54.5%,45.5%,43
Argentina - Primera Nacional,Alvarado,11,36.4%,63.6%,48
Argentina - Primera Nacional,Defensores U.,7,42.9%,57.1%,58
Argentina - Primera Nacional,Colegiales,6,100.0%,0.0%,24
Argentina - Primera Nacional,T. Remedios,4,25.0%,75.0%,58
Argentina - Primera B,Dock Sud,29,51.7%,48.3%,47
Argentina - Primera B,Liniers,27,29.6%,70.4%,60
Argentina - Primera B,Real Pilar,27,37.0%,63.0%,55
Argentina - Primera B,Argentino Merlo,25,24.0%,76.0%,60
Argentina - Primera B,Acassuso,25,52.0%,48.0%,44
Argentina - Primera B,Midland,24,37.5%,62.5%,54
Argentina - Primera B,V. San Carlos,24,54.2%,45.8%,44
Argentina - Primera B,Excursionistas,21,57.1%,42.9%,44
Argentina - Primera B,A. Quilmes,21,38.1%,61.9%,54
Argentina - Primera B,D. Laferrere,21,38.1%,61.9%,55
Argentina - Primera B,Villa Dalmine,20,50.0%,50.0%,46
Argentina - Primera B,SM Burzaco,19,57.9%,42.1%,47
Argentina - Primera B,Comunicaciones,19,47.4%,52.6%,48
Argentina - Primera B,Brown de A.,18,33.3%,66.7%,61
Argentina - Primera B,D. Armenio,17,41.2%,58.8%,49
Argentina - Primera B,UAI Urquiza,16,25.0%,75.0%,53
Argentina - Primera B,Deportivo Merlo,16,37.5%,62.5%,52
Argentina - Primera B,S. Italiano,15,33.3%,66.7%,62
Argentina - Primera B,Sacachispas,13,46.2%,53.8%,51
Argentina - Primera B,Flandria,12,25.0%,75.0%,55
Argentina - Primera B,Fenix,8,50.0%,50.0%,44
Armenia - Premier League,Noah,92,43.5%,56.5%,50
Armenia - Premier League,Ararat-Armenia,72,45.8%,54.2%,53
Armenia - Premier League,Urartu,61,41.0%,59.0%,52
Armenia - Premier League,Van,56,55.4%,44.6%,46
Armenia - Premier League,Pyunik,56,46.4%,53.6%,52
Armenia - Premier League,BKMA,44,47.7%,52.3%,53
Armenia - Premier League,Ararat Yerevan,33,45.5%,54.5%,51
Armenia - Premier League,Shirak,27,29.6%,70.4%,57
Armenia - Premier League,West Armenia,22,31.8%,68.2%,57
Armenia - Premier League,Alashkert,21,47.6%,52.4%,49
Armenia - Premier League,Gandzasar,13,53.8%,46.2%,43
Australia - A-League,WS Wanderers,58,48.3%,51.7%,47
Australia - A-League,Western United,55,47.3%,52.7%,48
Australia - A-League,Sydney FC,53,34.0%,66.0%,57
Australia - A-League,Adelaide Utd,53,49.1%,50.9%,45
Australia - A-League,Macarthur FC,50,46.0%,54.0%,48
Australia - A-League,Auckland,49,44.9%,55.1%,56
Australia - A-League,Melbourne V.,44,50.0%,50.0%,47
Australia - A-League,Newcastle Jets,43,37.2%,62.8%,51
Australia - A-League,Melbourne City,41,48.8%,51.2%,47
Australia - A-League,Brisbane Roar,32,53.1%,46.9%,44
Australia - A-League,Central Coast,29,41.4%,58.6%,50
Australia - A-League,Wellington,27,48.1%,51.9%,48
Australia - A-League,Perth Glory,22,50.0%,50.0%,45
Bolivia - Primera Div. - Apertura,Always Ready,44,38.6%,61.4%,52
Bolivia - Primera Div. - Apertura,The Strongest,42,42.9%,57.1%,52
Bolivia - Primera Div. - Apertura,Bolivar,33,42.4%,57.6%,54
Bolivia - Primera Div. - Apertura,Blooming,29,41.4%,58.6%,52
Bolivia - Primera Div. - Apertura,Aurora,25,40.0%,60.0%,56
Bolivia - Primera Div. - Apertura,Guabira,25,48.0%,52.0%,48
Bolivia - Primera Div. - Apertura,GV San Jose,23,60.9%,39.1%,44
Bolivia - Primera Div. - Apertura,SA Bulo Bulo,21,33.3%,66.7%,57
Bolivia - Primera Div. - Apertura,Oriente P.,21,47.6%,52.4%,50
Bolivia - Primera Div. - Apertura,Real Oruro,20,65.0%,35.0%,45
Bolivia - Primera Div. - Apertura,I. Petrolero,18,27.8%,72.2%,55
Bolivia - Primera Div. - Apertura,U. de Vinto,16,37.5%,62.5%,59
Bolivia - Primera Div. - Apertura,ABB,15,26.7%,73.3%,58
Bolivia - Primera Div. - Apertura,Real Tomayapo,15,46.7%,53.3%,50
Bolivia - Primera Div. - Apertura,Nacional Potosi,15,53.3%,46.7%,54
Bolivia - Primera Div. - Apertura,Wilstermann,10,20.0%,80.0%,67
Bolivia - Primera Div. - Clausura,Bolivar,76,42.1%,57.9%,52
Bolivia - Primera Div. - Clausura,The Strongest,62,53.2%,46.8%,50
Bolivia - Primera Div. - Clausura,Gualberto V. SJ,62,40.3%,59.7%,55
Bolivia - Primera Div. - Clausura,Nacional Potosi,52,40.4%,59.6%,52
Bolivia - Primera Div. - Clausura,Aurora,49,59.2%,40.8%,45
Bolivia - Primera Div. - Clausura,Always Ready,48,39.6%,60.4%,56
Bolivia - Primera Div. - Clausura,I. Petrolero,48,45.8%,54.2%,51
Bolivia - Primera Div. - Clausura,Oriente P.,44,43.2%,56.8%,51
Bolivia - Primera Div. - Clausura,Real Tomayapo,41,41.5%,58.5%,56
Bolivia - Primera Div. - Clausura,SA Bulo Bulo,40,50.0%,50.0%,53
Bolivia - Primera Div. - Clausura,Guabira,36,50.0%,50.0%,49
Bolivia - Primera Div. - Clausura,Blooming,36,44.4%,55.6%,48
Bolivia - Primera Div. - Clausura,U. de Vinto,36,36.1%,63.9%,52
Bolivia - Primera Div. - Clausura,Wilstermann,35,57.1%,42.9%,48
Bolivia - Primera Div. - Clausura,Royal Pari,30,33.3%,66.7%,57
Bolivia - Primera Div. - Clausura,Santa Cruz,30,36.7%,63.3%,57
Brazil - Serie A,Flamengo,26,38.5%,61.5%,51
Brazil - Serie A,Cruzeiro,21,61.9%,38.1%,40
Brazil - Serie A,Mirassol,17,47.1%,52.9%,50
Brazil - Serie A,Bahia,16,43.8%,56.3%,58
Brazil - Serie A,Botafogo,16,37.5%,62.5%,56
Brazil - Serie A,Bragantino,16,56.3%,43.8%,50
Brazil - Serie A,Fluminense,15,26.7%,73.3%,65
Brazil - Serie A,Vasco da Gama,14,50.0%,50.0%,51
Brazil - Serie A,Ceara,14,50.0%,50.0%,45
Brazil - Serie A,Corinthians,14,35.7%,64.3%,57
Brazil - Serie A,Atletico MG,14,14.3%,85.7%,70
Brazil - Serie A,Gremio,13,61.5%,38.5%,48
Brazil - Serie A,Internacional,13,53.8%,46.2%,51
Brazil - Serie A,Palmeiras,12,33.3%,66.7%,59
Brazil - Serie A,Fortaleza,12,33.3%,66.7%,52
Brazil - Serie A,Santos,11,63.6%,36.4%,46
Brazil - Serie A,Vitoria,10,10.0%,90.0%,66
Brazil - Serie A,Juventude,10,60.0%,40.0%,36
Brazil - Serie A,Sao Paulo,10,50.0%,50.0%,50
Brazil - Serie A,Sport Recife,5,80.0%,20.0%,34
Brazil - Serie B,Novorizontino,21,38.1%,61.9%,52
Brazil - Serie B,Goias,20,45.0%,55.0%,55
Brazil - Serie B,Chapecoense,20,40.0%,60.0%,49
Brazil - Serie B,Criciuma,19,57.9%,42.1%,43
Brazil - Serie B,Athletico PR,19,42.1%,57.9%,50
Brazil - Serie B,Avai,19,47.4%,52.6%,53
Brazil - Serie B,Remo,18,44.4%,55.6%,56
Brazil - Serie B,Athletic Club,18,55.6%,44.4%,46
Brazil - Serie B,Atletico GO,18,55.6%,44.4%,51
Brazil - Serie B,America MG,17,47.1%,52.9%,50
Brazil - Serie B,Operario PR,17,52.9%,47.1%,40
Brazil - Serie B,Coritiba,16,43.8%,56.3%,51
Brazil - Serie B,Ferroviaria,16,50.0%,50.0%,51
Brazil - Serie B,Cuiaba,15,33.3%,66.7%,53
Brazil - Serie B,CRB,15,53.3%,46.7%,43
Brazil - Serie B,Vila Nova,14,57.1%,42.9%,46
Brazil - Serie B,Amazonas,12,50.0%,50.0%,46
Brazil - Serie B,Botafogo SP,12,41.7%,58.3%,47
Brazil - Serie B,Paysandu,11,36.4%,63.6%,55
Brazil - Serie B,Volta Redonda,7,14.3%,85.7%,75
Brazil - Serie C,Caxias,22,54.5%,45.5%,50
Brazil - Serie C,Londrina,19,42.1%,57.9%,47
Brazil - Serie C,Maringa,14,42.9%,57.1%,56
Brazil - Serie C,Figueirense,14,50.0%,50.0%,51
Brazil - Serie C,CSA,14,57.1%,42.9%,49
Brazil - Serie C,Botafogo PB,12,50.0%,50.0%,46
Brazil - Serie C,Sao Bernardo,12,50.0%,50.0%,43
Brazil - Serie C,Nautico,12,75.0%,25.0%,38
Brazil - Serie C,Ituano,12,41.7%,58.3%,60
Brazil - Serie C,Ypiranga,12,58.3%,41.7%,47
Brazil - Serie C,ABC,12,25.0%,75.0%,68
Brazil - Serie C,Brusque,11,54.5%,45.5%,45
Brazil - Serie C,Ponte Preta,11,27.3%,72.7%,61
Brazil - Serie C,Confianca,11,45.5%,54.5%,54
Brazil - Serie C,Guarani,10,70.0%,30.0%,40
Brazil - Serie C,Itabaiana,9,33.3%,66.7%,56
Brazil - Serie C,Tombense,9,66.7%,33.3%,33
Brazil - Serie C,Floresta,9,44.4%,55.6%,45
Brazil - Serie C,Anapolis,7,42.9%,57.1%,52
Brazil - Serie C,Retro,4,25.0%,75.0%,53
Brazil - Serie D,Manauara,21,42.9%,57.1%,48
Brazil - Serie D,ASA,20,40.0%,60.0%,56
Brazil - Serie D,Goiatuba EC,18,55.6%,44.4%,54
Brazil - Serie D,Mixto,18,50.0%,50.0%,51
Brazil - Serie D,Aparecidense,18,55.6%,44.4%,48
Brazil - Serie D,America RN,17,41.2%,58.8%,57
Brazil - Serie D,Barra FC,16,43.8%,56.3%,51
Brazil - Serie D,Santa Cruz,16,62.5%,37.5%,41
Brazil - Serie D,Tuna Luso,16,43.8%,56.3%,55
Brazil - Serie D,Altos,15,53.3%,46.7%,52
Brazil - Serie D,EC Sao Jose,15,53.3%,46.7%,40
Brazil - Serie D,Ceilandia,14,42.9%,57.1%,51
Brazil - Serie D,Uberlandia,14,50.0%,50.0%,50
Brazil - Serie D,Jequie,14,35.7%,64.3%,56
Brazil - Serie D,Inter Limeira,14,50.0%,50.0%,41
Brazil - Serie D,Portuguesa,14,50.0%,50.0%,52
Brazil - Serie D,Aguia de Maraba,14,57.1%,42.9%,52
Brazil - Serie D,Cianorte,14,57.1%,42.9%,44
Brazil - Serie D,Trem,14,71.4%,28.6%,36
Brazil - Serie D,Maranhao,13,38.5%,61.5%,52
Brazil - Serie D,Agua Santa,13,38.5%,61.5%,60
Brazil - Serie D,Manaus,13,30.8%,69.2%,58
Brazil - Serie D,GAS,12,50.0%,50.0%,53
Brazil - Serie D,Lagarto,12,58.3%,41.7%,43
Brazil - Serie D,Marcilio Dias,12,25.0%,75.0%,56
Brazil - Serie D,Ferroviario,12,33.3%,66.7%,51
Brazil - Serie D,Central,12,41.7%,58.3%,52
Brazil - Serie D,Independencia,11,9.1%,90.9%,67
Brazil - Serie D,Iguatu,11,54.5%,45.5%,48
Brazil - Serie D,Luverdense,10,20.0%,80.0%,60
Brazil - Serie D,Cascavel,10,40.0%,60.0%,50
Brazil - Serie D,Rio Branco ES,10,50.0%,50.0%,52
Brazil - Serie D,Sergipe,10,30.0%,70.0%,53
Brazil - Serie D,Boavista,9,55.6%,44.4%,54
Brazil - Serie D,Imperatriz,9,55.6%,44.4%,41
Brazil - Serie D,CFRJ . Marica,9,66.7%,33.3%,31
Brazil - Serie D,Sampaio Correa,9,66.7%,33.3%,36
Brazil - Serie D,Joinville,9,0.0%,100.0%,75
Brazil - Serie D,Pouso Alegre,9,66.7%,33.3%,37
Brazil - Serie D,Operario MS,9,66.7%,33.3%,41
Brazil - Serie D,Monte Azul,9,33.3%,66.7%,59
Brazil - Serie D,Porto Vitória,9,44.4%,55.6%,45
Brazil - Serie D,Santa C. Natal,9,44.4%,55.6%,50
Brazil - Serie D,Juazeirense,9,44.4%,55.6%,59
Brazil - Serie D,Tocantinopolis,9,22.2%,77.8%,58
Brazil - Serie D,Uniao C.,9,44.4%,55.6%,51
Brazil - Serie D,Itabirito,8,62.5%,37.5%,42
Brazil - Serie D,Nova Iguacu,8,50.0%,50.0%,43
Brazil - Serie D,Humaita,8,37.5%,62.5%,51
Brazil - Serie D,Goianesia,8,62.5%,37.5%,36
Brazil - Serie D,Sao Luiz,7,42.9%,57.1%,46
Brazil - Serie D,Capital,7,28.6%,71.4%,65
Brazil - Serie D,Porto Velho,7,42.9%,57.1%,56
Brazil - Serie D,Parnahyba,7,28.6%,71.4%,57
Brazil - Serie D,Maracana,7,28.6%,71.4%,65
Brazil - Serie D,Horizonte,7,28.6%,71.4%,54
Brazil - Serie D,Brasil de P.,6,16.7%,83.3%,60
Brazil - Serie D,Sousa,6,50.0%,50.0%,44
Brazil - Serie D,Barcelona BA,5,60.0%,40.0%,46
Brazil - Serie D,Azuriz,5,40.0%,60.0%,47
Brazil - Serie D,Goiania,5,40.0%,60.0%,47
Brazil - Serie D,Guarany de Bage,4,25.0%,75.0%,62
Brazil - Serie D,Treze,4,50.0%,50.0%,49
Brazil - Serie D,Penedense,3,33.3%,66.7%,62
Canada - Premier League,A. Ottawa,31,32.3%,67.7%,55
Canada - Premier League,Forge,24,50.0%,50.0%,48
Canada - Premier League,York Utd,22,59.1%,40.9%,46
Canada - Premier League,HFX Wanderers,20,25.0%,75.0%,62
Canada - Premier League,Cavalry,19,31.6%,68.4%,55
Canada - Premier League,Pacific,15,53.3%,46.7%,48
Canada - Premier League,Vancouver FC,14,50.0%,50.0%,52
Canada - Premier League,Valour,12,41.7%,58.3%,47
China - Super League,Beijing Guoan,37,54.1%,45.9%,45
China - Super League,S. Shenhua,36,47.2%,52.8%,53
China - Super League,Shanghai Port,36,55.6%,44.4%,47
China - Super League,Shandong T.,33,45.5%,54.5%,51
China - Super League,Chengdu,32,62.5%,37.5%,39
China - Super League,Zhejiang,29,51.7%,48.3%,49
China - Super League,Henan SL,24,37.5%,62.5%,54
China - Super League,Tianjin T.,23,52.2%,47.8%,49
China - Super League,Yunnan Yukun,22,27.3%,72.7%,60
China - Super League,Wuhan Three T.,22,40.9%,59.1%,57
China - Super League,Meizhou Hakka,21,28.6%,71.4%,58
China - Super League,Qingdao West C.,21,42.9%,57.1%,51
China - Super League,Shenzhen P. C.,17,29.4%,70.6%,54
China - Super League,Dalian Yingbo,15,60.0%,40.0%,41
China - Super League,Changchun Yatai,14,42.9%,57.1%,49
China - Super League,Qingdao Hainiu,13,46.2%,53.8%,46
China - League One,Liaoning Tieren,36,41.7%,58.3%,52
China - League One,Chongqing T.,32,53.1%,46.9%,50
China - League One,Guangdong GZP,26,23.1%,76.9%,62
China - League One,S. Gongfu,24,54.2%,45.8%,43
China - League One,Shenzhen J.,23,65.2%,34.8%,37
China - League One,Shaanxi Union,21,47.6%,52.4%,53
China - League One,Nantong Zhiyun,20,60.0%,40.0%,43
China - League One,Yanbian Longdin,20,40.0%,60.0%,48
China - League One,Nanjing City,20,50.0%,50.0%,52
China - League One,Dingnan,19,31.6%,68.4%,59
China - League One,Dalian Kuncheng,19,36.8%,63.2%,54
China - League One,Suzhou Dongwu,17,41.2%,58.8%,53
China - League One,Shanghai Jiadin,16,37.5%,62.5%,49
China - League One,Foshan Nanshi,14,92.9%,7.1%,26
China - League One,Qingdao RL,10,60.0%,40.0%,46
China - League One,Guangxi Pingguo,8,75.0%,25.0%,34
China - League Two,Guangxi H.,42,35.7%,64.3%,53
China - League Two,Nantong Haimen,36,41.7%,58.3%,52
China - League Two,C. Rongcheng B,34,35.3%,64.7%,53
China - League Two,Shandong T. B,32,50.0%,50.0%,51
China - League Two,G. Zhucheng,30,50.0%,50.0%,53
China - League Two,G. Dandelion,27,51.9%,48.1%,48
China - League Two,Wuxi Wugou,26,46.2%,53.8%,50
China - League Two,Jiangxi Lushan,23,43.5%,56.5%,52
China - League Two,Shenzhen 2028,23,60.9%,39.1%,43
China - League Two,Hangzhou Linpin,22,54.5%,45.5%,45
China - League Two,Hubei Istar,22,54.5%,45.5%,44
China - League Two,Shanghai Port B,20,40.0%,60.0%,50
China - League Two,Wuhan TT B,20,35.0%,65.0%,56
China - League Two,Changchun Xidu,19,63.2%,36.8%,45
China - League Two,Taian Tiankuang,18,27.8%,72.2%,56
China - League Two,Wenzhou Pro.,18,50.0%,50.0%,48
China - League Two,Beijing IT,17,35.3%,64.7%,59
China - League Two,L. Longyuan,16,50.0%,50.0%,54
China - League Two,Guangdong M.,15,46.7%,53.3%,48
China - League Two,Ganzhou Ruishi,15,33.3%,66.7%,55
China - League Two,Kunming City,14,35.7%,64.3%,51
China - League Two,Shanxi Ronghai,13,61.5%,38.5%,40
China - League Two,Quanzhou Yassin,10,50.0%,50.0%,51
China - League Two,Guangxi Lanhang,9,77.8%,22.2%,35
Colombia - Primera A - Apertura,A. Nacional,37,54.1%,45.9%,48
Colombia - Primera A - Apertura,Millonarios,30,50.0%,50.0%,50
Colombia - Primera A - Apertura,Deportes Tolima,30,50.0%,50.0%,50
Colombia - Primera A - Apertura,America de Cali,29,27.6%,72.4%,55
Colombia - Primera A - Apertura,Santa Fe,28,46.4%,53.6%,49
Colombia - Primera A - Apertura,Junior,26,50.0%,50.0%,47
Colombia - Primera A - Apertura,A. Bucaramanga,24,54.2%,45.8%,54
Colombia - Primera A - Apertura,Once Caldas,23,47.8%,52.2%,54
Colombia - Primera A - Apertura,A. Petrolera,23,52.2%,47.8%,49
Colombia - Primera A - Apertura,D. Pereira,22,68.2%,31.8%,39
Colombia - Primera A - Apertura,Deportivo Pasto,20,80.0%,20.0%,36
Colombia - Primera A - Apertura,Llaneros,20,55.0%,45.0%,51
Colombia - Primera A - Apertura,I. Medelin,19,36.8%,63.2%,49
Colombia - Primera A - Apertura,R. Aguilas,17,29.4%,70.6%,52
Colombia - Primera A - Apertura,Envigado,16,62.5%,37.5%,35
Colombia - Primera A - Apertura,Fortaleza CEIF,15,53.3%,46.7%,46
Colombia - Primera A - Apertura,Deportivo Cali,14,50.0%,50.0%,45
Colombia - Primera A - Apertura,Boyaca Chico,14,42.9%,57.1%,57
Colombia - Primera A - Apertura,Union Magdalena,14,28.6%,71.4%,64
Colombia - Primera A - Apertura,La Equidad,13,38.5%,61.5%,48
Colombia - Primera B - Apertura,Real Cartagena,30,53.3%,46.7%,43
Colombia - Primera B - Apertura,Cucuta,28,53.6%,46.4%,46
Colombia - Primera B - Apertura,Jaguares de C.,26,53.8%,46.2%,51
Colombia - Primera B - Apertura,R. Cundinamarca,25,60.0%,40.0%,43
Colombia - Primera B - Apertura,Inter Palmira,24,41.7%,58.3%,53
Colombia - Primera B - Apertura,Leones,22,59.1%,40.9%,44
Colombia - Primera B - Apertura,Patriotas,21,47.6%,52.4%,48
Colombia - Primera B - Apertura,Atletico Huila,19,52.6%,47.4%,47
Colombia - Primera B - Apertura,Bogota,17,41.2%,58.8%,51
Colombia - Primera B - Apertura,Tigres,16,43.8%,56.3%,53
Colombia - Primera B - Apertura,Orsomarso,15,53.3%,46.7%,47
Colombia - Primera B - Apertura,Real Santander,15,40.0%,60.0%,55
Colombia - Primera B - Apertura,Atletico Cali,14,64.3%,35.7%,41
Colombia - Primera B - Apertura,D. Quindio,13,61.5%,38.5%,34
Colombia - Primera B - Apertura,Barranquilla,12,50.0%,50.0%,46
Colombia - Primera B - Apertura,Boca Juniors,11,36.4%,63.6%,50
Costa Rica - Primera Div. - Clausura,Herediano,35,37.1%,62.9%,53
Costa Rica - Primera Div. - Clausura,Puntarenas,29,55.2%,44.8%,43
Costa Rica - Primera Div. - Clausura,Alajuelense,28,57.1%,42.9%,43
Costa Rica - Primera Div. - Clausura,Saprissa,27,74.1%,25.9%,38
Costa Rica - Primera Div. - Clausura,Santos Guapiles,26,50.0%,50.0%,47
Costa Rica - Primera Div. - Clausura,M. Liberia,26,57.7%,42.3%,46
Costa Rica - Primera Div. - Clausura,Cartagines,26,53.8%,46.2%,46
Costa Rica - Primera Div. - Clausura,Sporting SJ,22,50.0%,50.0%,47
Costa Rica - Primera Div. - Clausura,Santa Ana,22,50.0%,50.0%,49
Costa Rica - Primera Div. - Clausura,Zeledon,16,37.5%,62.5%,51
Costa Rica - Primera Div. - Clausura,San Carlos,13,38.5%,61.5%,58
Costa Rica - Primera Div. - Clausura,Guanacasteca,12,66.7%,33.3%,35
Croatia - 1. NL,Vukovar,55,34.5%,65.5%,55
Croatia - 1. NL,Cibalia,47,34.0%,66.0%,55
Croatia - 1. NL,Orijent,46,52.2%,47.8%,49
Croatia - 1. NL,Opatija,45,31.1%,68.9%,54
Croatia - 1. NL,Bijelo Brdo,37,45.9%,54.1%,49
Croatia - 1. NL,Sesvete,36,52.8%,47.2%,41
Croatia - 1. NL,Dubrava Zagreb,35,57.1%,42.9%,46
Croatia - 1. NL,Jarun,30,50.0%,50.0%,52
Croatia - 1. NL,Dugopolje,30,30.0%,70.0%,57
Croatia - 1. NL,C. Zmijavci,30,30.0%,70.0%,56
Croatia - 1. NL,Rudes,28,50.0%,50.0%,46
Croatia - 1. NL,Zrinski,15,46.7%,53.3%,43
CzechRepublic - FNL,Vikto Zizkov,51,52.9%,47.1%,48
CzechRepublic - FNL,Chrudim,47,57.4%,42.6%,43
CzechRepublic - FNL,Zlin,45,42.2%,57.8%,50
CzechRepublic - FNL,Vlasim,43,30.2%,69.8%,59
CzechRepublic - FNL,Sparta Prague B,41,53.7%,46.3%,45
CzechRepublic - FNL,Slavia Prague B,41,48.8%,51.2%,49
CzechRepublic - FNL,Varnsdorf,39,48.7%,51.3%,47
CzechRepublic - FNL,Zbrojovka Brno,39,46.2%,53.8%,47
CzechRepublic - FNL,Banik Ostrava B,35,40.0%,60.0%,53
CzechRepublic - FNL,Jihlava,35,54.3%,45.7%,47
CzechRepublic - FNL,Taborsko,34,50.0%,50.0%,48
CzechRepublic - FNL,Vyskov,33,36.4%,63.6%,55
CzechRepublic - FNL,Prostejov,31,45.2%,54.8%,45
CzechRepublic - FNL,Lisen,31,61.3%,38.7%,46
CzechRepublic - FNL,Sigma Olomouc B,31,29.0%,71.0%,56
CzechRepublic - FNL,Opava,29,41.4%,58.6%,49
Denmark - 2nd Division,Aarhus Fremad,38,36.8%,63.2%,55
Denmark - 2nd Division,Middelfart,35,65.7%,34.3%,41
Denmark - 2nd Division,Fremad Amager,33,21.2%,78.8%,57
Denmark - 2nd Division,AB Copenhagen,33,60.6%,39.4%,43
Denmark - 2nd Division,Helsingor,27,33.3%,66.7%,52
Denmark - 2nd Division,Skive,26,46.2%,53.8%,51
Denmark - 2nd Division,BK Frem,25,48.0%,52.0%,47
Denmark - 2nd Division,Ishoj,24,41.7%,58.3%,53
Denmark - 2nd Division,Naestved,23,60.9%,39.1%,43
Denmark - 2nd Division,Hellerup IK,22,18.2%,81.8%,62
Denmark - 2nd Division,Thisted,19,52.6%,47.4%,45
Denmark - 2nd Division,Nykobing,15,53.3%,46.7%,45
Ecuador - Liga Pro,I. del Valle,37,59.5%,40.5%,42
Ecuador - Liga Pro,LDU Quito,35,37.1%,62.9%,58
Ecuador - Liga Pro,Barcelona SC,32,37.5%,62.5%,55
Ecuador - Liga Pro,U. Catolica,31,32.3%,67.7%,56
Ecuador - Liga Pro,Libertad,30,30.0%,70.0%,56
Ecuador - Liga Pro,Manta,27,51.9%,48.1%,49
Ecuador - Liga Pro,Aucas,27,44.4%,55.6%,52
Ecuador - Liga Pro,Cuniburo,26,50.0%,50.0%,43
Ecuador - Liga Pro,Mushuc Runa,24,41.7%,58.3%,50
Ecuador - Liga Pro,D. Cuenca,24,62.5%,37.5%,45
Ecuador - Liga Pro,Orense,23,52.2%,47.8%,50
Ecuador - Liga Pro,El Nacional,23,52.2%,47.8%,43
Ecuador - Liga Pro,Delfin,20,30.0%,70.0%,60
Ecuador - Liga Pro,Macara,19,42.1%,57.9%,49
Ecuador - Liga Pro,Tecnico U.,18,66.7%,33.3%,38
Ecuador - Liga Pro,Emelec,15,46.7%,53.3%,60
Ecuador - Serie B,Guayaquil City,25,36.0%,64.0%,58
Ecuador - Serie B,Gualaceo,25,32.0%,68.0%,55
Ecuador - Serie B,Vinotinto,23,34.8%,65.2%,57
Ecuador - Serie B,Vargas Torres,22,54.5%,45.5%,43
Ecuador - Serie B,Leones Norte,19,36.8%,63.2%,54
Ecuador - Serie B,Imbabura,19,47.4%,52.6%,46
Ecuador - Serie B,Nueve Octubre,18,50.0%,50.0%,48
Ecuador - Serie B,I. Juniors,18,50.0%,50.0%,46
Ecuador - Serie B,San Antonio,17,41.2%,58.8%,53
Ecuador - Serie B,Cumbaya,16,68.8%,31.3%,40
Ecuador - Serie B,22 de Julio,15,20.0%,80.0%,67
Ecuador - Serie B,Chacaritas,14,64.3%,35.7%,41
England - Premier League,Liverpool,86,46.5%,53.5%,50
England - Premier League,Manchester City,72,56.9%,43.1%,45
England - Premier League,Arsenal,69,47.8%,52.2%,50
England - Premier League,Newcastle Utd,68,54.4%,45.6%,45
England - Premier League,Brentford,66,53.0%,47.0%,47
England - Premier League,Brighton,66,40.9%,59.1%,53
England - Premier League,Tottenham,64,51.6%,48.4%,46
England - Premier League,Chelsea,64,45.3%,54.7%,47
England - Premier League,Aston Villa,58,39.7%,60.3%,51
England - Premier League,Nottm Forest,58,50.0%,50.0%,45
England - Premier League,Bournemouth,58,36.2%,63.8%,56
England - Premier League,Fulham,54,40.7%,59.3%,53
England - Premier League,Wolverhampton,54,48.1%,51.9%,49
England - Premier League,Crystal Palace,51,37.3%,62.7%,52
England - Premier League,West Ham Utd,46,37.0%,63.0%,55
England - Premier League,Manchester Utd,44,34.1%,65.9%,59
England - Premier League,Everton,42,59.5%,40.5%,44
England - Premier League,Ipswich Town,36,61.1%,38.9%,44
England - Premier League,Leicester City,33,36.4%,63.6%,53
England - Premier League,Southampton,26,46.2%,53.8%,49
England - Championship,Leeds Utd,95,45.3%,54.7%,49
England - Championship,Norwich City,71,43.7%,56.3%,52
England - Championship,Burnley,69,56.5%,43.5%,45
England - Championship,Middlesbrough,64,51.6%,48.4%,47
England - Championship,Coventry City,64,50.0%,50.0%,48
England - Championship,Sheffield Utd,63,50.8%,49.2%,45
England - Championship,Sheffield Wed,60,31.7%,68.3%,55
England - Championship,Bristol City,59,32.2%,67.8%,53
England - Championship,Portsmouth,58,50.0%,50.0%,47
England - Championship,Sunderland,58,50.0%,50.0%,45
England - Championship,West Brom,57,57.9%,42.1%,45
England - Championship,Blackburn,53,35.8%,64.2%,54
England - Championship,Watford,53,35.8%,64.2%,54
England - Championship,QP Rangers,53,41.5%,58.5%,51
England - Championship,Plymouth,51,35.3%,64.7%,56
England - Championship,Swansea City,51,58.8%,41.2%,43
England - Championship,Oxford Utd,49,38.8%,61.2%,51
England - Championship,Derby County,48,39.6%,60.4%,49
England - Championship,Cardiff City,48,41.7%,58.3%,50
England - Championship,Preston,48,43.8%,56.3%,48
England - Championship,Millwall,47,42.6%,57.4%,53
England - Championship,Luton Town,45,44.4%,55.6%,48
England - Championship,Stoke City,45,48.9%,51.1%,49
England - Championship,Hull City,44,36.4%,63.6%,55
England - League One,Birmingham City,84,50.0%,50.0%,47
England - League One,Leyton Orient,72,48.6%,51.4%,45
England - League One,Stockport,72,43.1%,56.9%,51
England - League One,Blackpool,72,43.1%,56.9%,51
England - League One,Wycombe,70,35.7%,64.3%,55
England - League One,Barnsley,69,43.5%,56.5%,48
England - League One,Reading,68,36.8%,63.2%,52
England - League One,Peterborough,68,57.4%,42.6%,45
England - League One,Wrexham,67,47.8%,52.2%,46
England - League One,Bolton,67,34.3%,65.7%,56
England - League One,Charlton,67,38.8%,61.2%,52
England - League One,Lincoln City,64,46.9%,53.1%,48
England - League One,Mansfield,60,58.3%,41.7%,43
England - League One,Huddersfield,58,44.8%,55.2%,48
England - League One,Crawley Town,57,42.1%,57.9%,51
England - League One,Rotherham,54,46.3%,53.7%,49
England - League One,Exeter City,49,40.8%,59.2%,49
England - League One,Burton Albion,49,49.0%,51.0%,47
England - League One,Northampton,48,50.0%,50.0%,49
England - League One,Cambridge Utd,45,48.9%,51.1%,44
England - League One,Bristol Rovers,44,38.6%,61.4%,52
England - League One,Stevenage,42,33.3%,66.7%,56
England - League One,Shrewsbury,41,39.0%,61.0%,52
England - League One,Wigan Athletic,40,50.0%,50.0%,47
England - League Two,Walsall,75,30.7%,69.3%,55
England - League Two,Doncaster,73,45.2%,54.8%,52
England - League Two,Chesterfield,73,43.8%,56.2%,54
England - League Two,Swindon Town,71,39.4%,60.6%,53
England - League Two,Notts County,68,41.2%,58.8%,51
England - League Two,Port Vale,65,40.0%,60.0%,53
England - League Two,Bradford,64,51.6%,48.4%,46
England - League Two,Salford City,64,43.8%,56.3%,49
England - League Two,Bromley,64,42.2%,57.8%,49
England - League Two,Grimsby,61,45.9%,54.1%,49
England - League Two,Cheltenham,60,36.7%,63.3%,54
England - League Two,Fleetwood,60,45.0%,55.0%,49
England - League Two,AFC Wimbledon,56,44.6%,55.4%,48
England - League Two,Accrington,53,52.8%,47.2%,44
England - League Two,Colchester Utd,52,38.5%,61.5%,53
England - League Two,Milton Keynes,52,59.6%,40.4%,44
England - League Two,Newport,52,61.5%,38.5%,41
England - League Two,Barrow,52,46.2%,53.8%,51
England - League Two,Crewe Alexandra,49,36.7%,63.3%,57
England - League Two,Tranmere,45,40.0%,60.0%,53
England - League Two,Carlisle Utd,44,54.5%,45.5%,46
England - League Two,Harrogate,43,44.2%,55.8%,52
England - League Two,Gillingham,41,34.1%,65.9%,52
England - League Two,Morecambe,40,42.5%,57.5%,50
England - National League,Barnet,97,48.5%,51.5%,49
England - National League,York City,95,40.0%,60.0%,56
England - National League,Gateshead FC,76,55.3%,44.7%,44
England - National League,Aldershot Town,69,44.9%,55.1%,51
England - National League,Forest Green,69,43.5%,56.5%,52
England - National League,Rochdale,69,40.6%,59.4%,51
England - National League,Altrincham,68,51.5%,48.5%,46
England - National League,Tamworth,65,40.0%,60.0%,55
England - National League,Oldham,64,40.6%,59.4%,52
England - National League,Dagenham & R.,61,42.6%,57.4%,50
England - National League,Solihull Moors,61,37.7%,62.3%,54
England - National League,Hartlepool,59,39.0%,61.0%,53
England - National League,Southend Utd,59,50.8%,49.2%,46
England - National League,Sutton Utd,59,45.8%,54.2%,47
England - National League,Eastleigh,58,55.2%,44.8%,45
England - National League,Maidenhead Utd,57,42.1%,57.9%,50
England - National League,Wealdstone,56,42.9%,57.1%,52
England - National League,Boston Utd,54,55.6%,44.4%,46
England - National League,Woking,52,32.7%,67.3%,53
England - National League,Braintree Town,51,54.9%,45.1%,41
England - National League,Yeovil Town,51,43.1%,56.9%,50
England - National League,AFC Fylde,50,50.0%,50.0%,47
England - National League,Halifax Town,50,44.0%,56.0%,47
England - National League,Ebbsfleet Utd,38,31.6%,68.4%,59
FaroeIslands - Premier League,NSI Runavik,64,39.1%,60.9%,54
FaroeIslands - Premier League,Klaksvik,52,51.9%,48.1%,48
FaroeIslands - Premier League,HB Torshavn,38,31.6%,68.4%,55
FaroeIslands - Premier League,B36 Torshavn,27,40.7%,59.3%,50
FaroeIslands - Premier League,B68 Toftir,22,31.8%,68.2%,61
FaroeIslands - Premier League,Vikingur,20,40.0%,60.0%,50
FaroeIslands - Premier League,07 Vestur,20,70.0%,30.0%,39
FaroeIslands - Premier League,Streymur,17,35.3%,64.7%,54
FaroeIslands - Premier League,TB Tvoroyri,14,42.9%,57.1%,52
FaroeIslands - Premier League,Suduroy,12,41.7%,58.3%,51
Finland - Veikkausliiga,Ilves,36,33.3%,66.7%,55
Finland - Veikkausliiga,HJK Helsinki,32,43.8%,56.3%,48
Finland - Veikkausliiga,Inter Turku,30,46.7%,53.3%,55
Finland - Veikkausliiga,SJK,28,39.3%,60.7%,52
Finland - Veikkausliiga,KuPS,27,44.4%,55.6%,52
Finland - Veikkausliiga,VPS,23,26.1%,73.9%,57
Finland - Veikkausliiga,Oulu,21,38.1%,61.9%,51
Finland - Veikkausliiga,Gnistan,20,40.0%,60.0%,48
Finland - Veikkausliiga,Jaro,17,29.4%,70.6%,60
Finland - Veikkausliiga,KTP,16,43.8%,56.3%,55
Finland - Veikkausliiga,Haka,16,37.5%,62.5%,59
Finland - Veikkausliiga,Mariehamn,15,40.0%,60.0%,53
Finland - Ykkonen,TPS,43,58.1%,41.9%,44
Finland - Ykkonen,Ekenas IF,31,41.9%,58.1%,54
Finland - Ykkonen,Klubi-04,30,36.7%,63.3%,51
Finland - Ykkonen,Lahti,29,51.7%,48.3%,48
Finland - Ykkonen,JaPS,25,32.0%,68.0%,54
Finland - Ykkonen,SJK Akatemia,24,45.8%,54.2%,45
Finland - Ykkonen,PK-35,24,62.5%,37.5%,39
Finland - Ykkonen,KaPa,23,43.5%,56.5%,47
Finland - Ykkonen,JIPPO,19,52.6%,47.4%,44
Finland - Ykkonen,SalPa,10,50.0%,50.0%,44
Finland - Kakkonen,Inter Turku B,40,50.0%,50.0%,46
Finland - Kakkonen,PKKU,31,38.7%,61.3%,57
Finland - Kakkonen,OLS Oulu,29,37.9%,62.1%,54
Finland - Kakkonen,Jazz Pori,26,50.0%,50.0%,49
Finland - Kakkonen,KuPS Ak.,23,39.1%,60.9%,56
Finland - Kakkonen,JJK,21,57.1%,42.9%,44
Finland - Kakkonen,Rovaniemi,19,31.6%,68.4%,57
Finland - Kakkonen,Mikkelin,18,33.3%,66.7%,55
Finland - Kakkonen,KPV Kokkola,18,61.1%,38.9%,40
Finland - Kakkonen,Tampere Utd,17,35.3%,64.7%,57
Finland - Kakkonen,Atlantis,15,40.0%,60.0%,49
Finland - Kakkonen,EPS,14,42.9%,57.1%,53
Finland - Kakkonen - A,Honka,55,36.4%,63.6%,54
Finland - Kakkonen - A,VJS,44,61.4%,38.6%,44
Finland - Kakkonen - A,MYPA,31,41.9%,58.1%,52
Finland - Kakkonen - A,Reipas,29,55.2%,44.8%,46
Finland - Kakkonen - A,GrIFK,26,34.6%,65.4%,57
Finland - Kakkonen - A,Vaajakoski,23,39.1%,60.9%,48
Finland - Kakkonen - A,PuiU Helsinki,23,30.4%,69.6%,61
Finland - Kakkonen - A,PEPO,21,57.1%,42.9%,44
Finland - Kakkonen - A,JPS,17,41.2%,58.8%,56
Finland - Kakkonen - A,HaPK,11,63.6%,36.4%,45
Finland - Kakkonen - B,TPV,36,50.0%,50.0%,47
Finland - Kakkonen - B,Ilves B,33,42.4%,57.6%,49
Finland - Kakkonen - B,HJS,30,36.7%,63.3%,51
Finland - Kakkonen - B,Kiffen,27,37.0%,63.0%,53
Finland - Kakkonen - B,P-Iirot,26,50.0%,50.0%,50
Finland - Kakkonen - B,PPJ,23,52.2%,47.8%,45
Finland - Kakkonen - B,MuSa,21,42.9%,57.1%,53
Finland - Kakkonen - B,NJS,19,36.8%,63.2%,51
Finland - Kakkonen - B,HPS,18,44.4%,55.6%,51
Finland - Kakkonen - B,Atlantis B,15,26.7%,73.3%,61
Finland - Kakkonen - C,TP-47,33,51.5%,48.5%,49
Finland - Kakkonen - C,VPS B,32,43.8%,56.3%,50
Finland - Kakkonen - C,OsPa,32,40.6%,59.4%,51
Finland - Kakkonen - C,SJK Akatemia B,31,54.8%,45.2%,44
Finland - Kakkonen - C,VIFK,24,37.5%,62.5%,54
Finland - Kakkonen - C,JBK,22,50.0%,50.0%,52
Finland - Kakkonen - C,GBK Kokkola,22,27.3%,72.7%,60
Finland - Kakkonen - C,Narpes Kraft,20,50.0%,50.0%,46
Finland - Kakkonen - C,JS Hercules,18,33.3%,66.7%,51
France - Ligue 1,Paris SG,92,40.2%,59.8%,51
France - Ligue 1,Marseille,74,35.1%,64.9%,53
France - Ligue 1,Nice,66,57.6%,42.4%,44
France - Ligue 1,Lyon,65,33.8%,66.2%,58
France - Ligue 1,Monaco,63,36.5%,63.5%,53
France - Ligue 1,Strasbourg,56,41.1%,58.9%,50
France - Ligue 1,Lille,52,48.1%,51.9%,53
France - Ligue 1,Brest,52,55.8%,44.2%,45
France - Ligue 1,Rennes,51,45.1%,54.9%,49
France - Ligue 1,Auxerre,48,52.1%,47.9%,52
France - Ligue 1,Toulouse,44,38.6%,61.4%,53
France - Ligue 1,Lens,42,47.6%,52.4%,51
France - Ligue 1,Le Havre,40,45.0%,55.0%,52
France - Ligue 1,Nantes,39,48.7%,51.3%,49
France - Ligue 1,Saint-Etienne,39,43.6%,56.4%,45
France - Ligue 1,Reims,33,51.5%,48.5%,46
France - Ligue 1,Angers,32,43.8%,56.3%,50
France - Ligue 1,Montpellier,23,34.8%,65.2%,57
France - Ligue 2,Lorient,68,33.8%,66.2%,57
France - Ligue 2,Metz,64,46.9%,53.1%,54
France - Ligue 2,Guingamp,57,42.1%,57.9%,52
France - Ligue 2,Rodez Aveyron,56,39.3%,60.7%,54
France - Ligue 2,Paris FC,55,49.1%,50.9%,47
France - Ligue 2,USL Dunkerque,47,38.3%,61.7%,52
France - Ligue 2,Laval,44,45.5%,54.5%,48
France - Ligue 2,SC Bastia,43,48.8%,51.2%,48
France - Ligue 2,Grenoble,43,46.5%,53.5%,52
France - Ligue 2,Annecy,42,40.5%,59.5%,47
France - Ligue 2,Pau FC,39,41.0%,59.0%,53
France - Ligue 2,Amiens,38,50.0%,50.0%,47
France - Ligue 2,Red Star,37,56.8%,43.2%,42
France - Ligue 2,Troyes,36,41.7%,58.3%,51
France - Ligue 2,Caen,31,25.8%,74.2%,59
France - Ligue 2,AC Ajaccio,30,36.7%,63.3%,53
France - Ligue 2,Clermont,30,46.7%,53.3%,43
France - Ligue 2,Martigues,29,55.2%,44.8%,46
France - National,Nancy,54,37.0%,63.0%,54
France - National,Concarneau,48,41.7%,58.3%,52
France - National,Le Mans,48,50.0%,50.0%,47
France - National,Boulogne,46,52.2%,47.8%,45
France - National,Aubagne,43,51.2%,48.8%,49
France - National,Orleans,43,41.9%,58.1%,51
France - National,Rouen,42,59.5%,40.5%,47
France - National,Versailles,41,56.1%,43.9%,44
France - National,Chateauroux,40,50.0%,50.0%,50
France - National,Valenciennes,38,50.0%,50.0%,46
France - National,Dijon,37,45.9%,54.1%,47
France - National,Paris 13 A.,32,43.8%,56.3%,45
France - National,Quevilly Rouen,31,54.8%,45.2%,46
France - National,Villefranche,29,37.9%,62.1%,57
France - National,Sochaux,29,24.1%,75.9%,62
France - National,Bourg-en-Bresse,26,50.0%,50.0%,48
France - National,Nimes,24,33.3%,66.7%,54
Georgia - Erovnuli Liga,Dila Gori,32,40.6%,59.4%,58
Georgia - Erovnuli Liga,Iberia,29,44.8%,55.2%,51
Georgia - Erovnuli Liga,Samgurali,26,61.5%,38.5%,40
Georgia - Erovnuli Liga,Dinamo Tbilisi,23,56.5%,43.5%,44
Georgia - Erovnuli Liga,Dinamo Batumi,21,61.9%,38.1%,45
Georgia - Erovnuli Liga,Torpedo Kutaisi,20,45.0%,55.0%,47
Georgia - Erovnuli Liga,Gareji Sagarejo,17,41.2%,58.8%,52
Georgia - Erovnuli Liga,Gagra,17,35.3%,64.7%,55
Georgia - Erovnuli Liga,Telavi,12,58.3%,41.7%,40
Georgia - Erovnuli Liga,Kolkheti Poti,12,50.0%,50.0%,51
Germany - Bundesliga,Bayern Munich,99,41.4%,58.6%,52
Germany - Bundesliga,Leverkusen,72,55.6%,44.4%,45
Germany - Bundesliga,Dortmund,71,42.3%,57.7%,53
Germany - Bundesliga,E. Frankfurt,68,50.0%,50.0%,48
Germany - Bundesliga,Stuttgart,64,42.2%,57.8%,49
Germany - Bundesliga,Wolfsburg,56,37.5%,62.5%,52
Germany - Bundesliga,Monchengladbach,55,45.5%,54.5%,49
Germany - Bundesliga,FSV Mainz,55,49.1%,50.9%,46
Germany - Bundesliga,Werder Bremen,54,48.1%,51.9%,49
Germany - Bundesliga,RB Leipzig,53,58.5%,41.5%,41
Germany - Bundesliga,Holstein Kiel,49,49.0%,51.0%,53
Germany - Bundesliga,Freiburg,49,42.9%,57.1%,51
Germany - Bundesliga,Hoffenheim,46,45.7%,54.3%,51
Germany - Bundesliga,Heidenheim,37,40.5%,59.5%,52
Germany - Bundesliga,FC Augsburg,35,48.6%,51.4%,48
Germany - Bundesliga,Union Berlin,35,54.3%,45.7%,46
Germany - Bundesliga,Bochum,31,48.4%,51.6%,47
Germany - Bundesliga,Sankt Pauli,28,46.4%,53.6%,53
Greece - Super League,PAOK,62,40.3%,59.7%,52
Greece - Super League,Olympiakos,58,44.8%,55.2%,48
Greece - Super League,Levadiakos,50,44.0%,56.0%,50
Greece - Super League,AEK Athens,48,43.8%,56.3%,53
Greece - Super League,Panathinaikos,42,40.5%,59.5%,54
Greece - Super League,Panserraikos,40,47.5%,52.5%,50
Greece - Super League,OFI Crete,37,54.1%,45.9%,46
Greece - Super League,Volos,36,44.4%,55.6%,51
Greece - Super League,A. Kallithea,36,41.7%,58.3%,53
Greece - Super League,Atromitos,32,43.8%,56.3%,51
Greece - Super League,Aris,31,54.8%,45.2%,47
Greece - Super League,Panaitolikos,29,48.3%,51.7%,51
Greece - Super League,Asteras T.,27,33.3%,66.7%,54
Greece - Super League,Lamia,21,47.6%,52.4%,50
Guatemala - Liga Nacional - Apertura,Antigua GFC,27,63.0%,37.0%,42
Guatemala - Liga Nacional - Apertura,Xinabajul,26,23.1%,76.9%,64
Guatemala - Liga Nacional - Apertura,Xelaju,26,46.2%,53.8%,47
Guatemala - Liga Nacional - Apertura,Municipal,25,56.0%,44.0%,41
Guatemala - Liga Nacional - Apertura,Comunicaciones,24,33.3%,66.7%,52
Guatemala - Liga Nacional - Apertura,Coban Imperial,22,31.8%,68.2%,54
Guatemala - Liga Nacional - Apertura,Malacateco,19,36.8%,63.2%,54
Guatemala - Liga Nacional - Apertura,Mixco,15,46.7%,53.3%,49
Guatemala - Liga Nacional - Apertura,Guastatoya,15,33.3%,66.7%,58
Guatemala - Liga Nacional - Apertura,Achuapa,15,53.3%,46.7%,52
Guatemala - Liga Nacional - Apertura,Marquense,11,63.6%,36.4%,43
Guatemala - Liga Nacional - Apertura,Zacapa Tellioz,5,0.0%,100.0%,73
Guatemala - Liga Nacional - Clausura,Malacateco,30,36.7%,63.3%,56
Guatemala - Liga Nacional - Clausura,Antigua GFC,29,44.8%,55.2%,49
Guatemala - Liga Nacional - Clausura,Xelaju,28,57.1%,42.9%,47
Guatemala - Liga Nacional - Clausura,Comunicaciones,27,33.3%,66.7%,62
Guatemala - Liga Nacional - Clausura,Municipal,26,42.3%,57.7%,52
Guatemala - Liga Nacional - Clausura,Coban Imperial,26,46.2%,53.8%,50
Guatemala - Liga Nacional - Clausura,Guastatoya,22,50.0%,50.0%,50
Guatemala - Liga Nacional - Clausura,Mixco,21,42.9%,57.1%,47
Guatemala - Liga Nacional - Clausura,Xinabajul,18,27.8%,72.2%,56
Guatemala - Liga Nacional - Clausura,Marquense,18,61.1%,38.9%,44
Guatemala - Liga Nacional - Clausura,Achuapa,18,44.4%,55.6%,52
Hong Kong - Premier League,Tai Po,62,51.6%,48.4%,49
Hong Kong - Premier League,Kitchee,55,49.1%,50.9%,50
Hong Kong - Premier League,LM Warriors,54,29.6%,70.4%,59
Hong Kong - Premier League,Eastern,54,38.9%,61.1%,52
Hong Kong - Premier League,HK Rangers,38,47.4%,52.6%,55
Hong Kong - Premier League,North District,37,51.4%,48.6%,47
Hong Kong - Premier League,Kowloon City,36,50.0%,50.0%,49
Hong Kong - Premier League,Southern D.,34,50.0%,50.0%,48
Hong Kong - Premier League,Hong Kong FC,21,66.7%,33.3%,43
Iceland - Urvalsdeild,Valur,37,45.9%,54.1%,49
Iceland - Urvalsdeild,KR Reykjavik,35,42.9%,57.1%,54
Iceland - Urvalsdeild,Vikingur R.,26,57.7%,42.3%,42
Iceland - Urvalsdeild,Breidablik,26,50.0%,50.0%,50
Iceland - Urvalsdeild,Stjarnan,25,48.0%,52.0%,45
Iceland - Urvalsdeild,Fram,22,59.1%,40.9%,44
Iceland - Urvalsdeild,Hafnarfjordur,20,50.0%,50.0%,49
Iceland - Urvalsdeild,Afturelding,17,23.5%,76.5%,57
Iceland - Urvalsdeild,IA Akranes,16,56.3%,43.8%,47
Iceland - Urvalsdeild,KA Akureyri,14,35.7%,64.3%,60
Iceland - Urvalsdeild,IBV,14,50.0%,50.0%,49
Iceland - Urvalsdeild,Vestri,13,53.8%,46.2%,51
Iceland - 1. Deild,Njardvik,30,46.7%,53.3%,49
Iceland - 1. Deild,Thor Akureyri,29,51.7%,48.3%,47
Iceland - 1. Deild,Grindavik,27,25.9%,74.1%,57
Iceland - 1. Deild,HK Kopavogur,24,54.2%,45.8%,51
Iceland - 1. Deild,Throttur R.,23,39.1%,60.9%,55
Iceland - 1. Deild,Volsungur,21,47.6%,52.4%,55
Iceland - 1. Deild,Keflavik,21,52.4%,47.6%,44
Iceland - 1. Deild,IR Reykjavik,21,42.9%,57.1%,50
Iceland - 1. Deild,Fylkir,16,31.3%,68.8%,56
Iceland - 1. Deild,Fjolnir,14,71.4%,28.6%,35
Iceland - 1. Deild,Selfoss,13,61.5%,38.5%,39
Iceland - 1. Deild,Leiknir R.,12,8.3%,91.7%,68
Ireland - Premier Division,Shamrock Rovers,44,47.7%,52.3%,51
Ireland - Premier Division,Derry City,35,48.6%,51.4%,45
Ireland - Premier Division,Sligo Rovers,30,53.3%,46.7%,47
Ireland - Premier Division,Shelbourne,30,56.7%,43.3%,38
Ireland - Premier Division,Bohemians,30,43.3%,56.7%,53
Ireland - Premier Division,Drogheda Utd,29,55.2%,44.8%,47
Ireland - Premier Division,Waterford,28,60.7%,39.3%,40
Ireland - Premier Division,St. Patricks,27,63.0%,37.0%,49
Ireland - Premier Division,Galway Utd,27,48.1%,51.9%,49
Ireland - Premier Division,Cork City,24,29.2%,70.8%,58
Ireland - First Division,Cobh Ramblers,39,53.8%,46.2%,42
Ireland - First Division,Bray Wanderers,39,51.3%,48.7%,45
Ireland - First Division,Treaty Utd,36,27.8%,72.2%,60
Ireland - First Division,Dundalk,36,44.4%,55.6%,52
Ireland - First Division,Wexford,29,41.4%,58.6%,52
Ireland - First Division,Kerry,24,62.5%,37.5%,41
Ireland - First Division,Finn Harps,24,29.2%,70.8%,54
Ireland - First Division,Longford Town,22,40.9%,59.1%,52
Ireland - First Division,UC Dublin,21,38.1%,61.9%,56
Ireland - First Division,Athlone Town,16,37.5%,62.5%,55
Israel - Ligat HaAl,M. Tel Aviv,83,47.0%,53.0%,50
Israel - Ligat HaAl,H. Beer Sheva,75,34.7%,65.3%,56
Israel - Ligat HaAl,Maccabi Haifa,65,38.5%,61.5%,55
Israel - Ligat HaAl,B. Jerusalem,58,39.7%,60.3%,53
Israel - Ligat HaAl,Maccabi Netanya,51,51.0%,49.0%,50
Israel - Ligat HaAl,Hapoel Haifa,51,54.9%,45.1%,44
Israel - Ligat HaAl,Ashdod,48,56.3%,43.8%,45
Israel - Ligat HaAl,H. Jerusalem,47,48.9%,51.1%,46
Israel - Ligat HaAl,M. Bnei Raina,36,52.8%,47.2%,45
Israel - Ligat HaAl,Kiryat Shmona,32,43.8%,56.3%,51
Israel - Ligat HaAl,M. Petah Tikva,31,41.9%,58.1%,50
Israel - Ligat HaAl,Hapoel Hadera,31,51.6%,48.4%,48
Israel - Ligat HaAl,Ironi Tiberias,28,39.3%,60.7%,55
Israel - Ligat HaAl,Sakhnin,26,53.8%,46.2%,48
Italy - Serie A,Inter Milan,79,49.4%,50.6%,46
Italy - Serie A,Atalanta,78,48.7%,51.3%,48
Italy - Serie A,Lazio,61,39.3%,60.7%,56
Italy - Serie A,AC Milan,61,41.0%,59.0%,56
Italy - Serie A,Fiorentina,60,53.3%,46.7%,45
Italy - Serie A,Napoli,59,49.2%,50.8%,47
Italy - Serie A,Juventus,58,48.3%,51.7%,49
Italy - Serie A,Bologna,57,28.1%,71.9%,55
Italy - Serie A,AS Roma,56,39.3%,60.7%,50
Italy - Serie A,Como,49,42.9%,57.1%,52
Italy - Serie A,Parma,44,36.4%,63.6%,54
Italy - Serie A,Udinese,41,43.9%,56.1%,50
Italy - Serie A,Cagliari,40,37.5%,62.5%,54
Italy - Serie A,Torino,39,38.5%,61.5%,55
Italy - Serie A,Genoa,37,32.4%,67.6%,58
Italy - Serie A,Hellas Verona,34,41.2%,58.8%,53
Italy - Serie A,Empoli,33,54.5%,45.5%,42
Italy - Serie A,Venezia,32,43.8%,56.3%,49
Italy - Serie A,Monza,28,53.6%,46.4%,46
Italy - Serie A,Lecce,27,48.1%,51.9%,48
Italy - Serie B,Sassuolo,78,38.5%,61.5%,55
Italy - Serie B,Cremonese,62,40.3%,59.7%,54
Italy - Serie B,Pisa,61,52.5%,47.5%,45
Italy - Serie B,Spezia,59,49.2%,50.8%,50
Italy - Serie B,Palermo,52,57.7%,42.3%,45
Italy - Serie B,Catanzaro,51,37.3%,62.7%,52
Italy - Serie B,Sudtirol,50,44.0%,56.0%,48
Italy - Serie B,Modena,48,56.3%,43.8%,48
Italy - Serie B,Mantova,47,40.4%,59.6%,53
Italy - Serie B,Cesena,46,45.7%,54.3%,48
Italy - Serie B,Brescia,42,54.8%,45.2%,46
Italy - Serie B,Juve Stabia,42,50.0%,50.0%,45
Italy - Serie B,Reggiana,42,50.0%,50.0%,48
Italy - Serie B,Bari,41,61.0%,39.0%,47
Italy - Serie B,Carrarese,39,48.7%,51.3%,49
Italy - Serie B,Sampdoria,38,52.6%,47.4%,45
Italy - Serie B,Salernitana,37,27.0%,73.0%,57
Italy - Serie B,Frosinone,37,48.6%,51.4%,49
Italy - Serie B,Cosenza,32,53.1%,46.9%,51
Italy - Serie B,Cittadella,30,33.3%,66.7%,58
Italy - Serie C - Group A,Atalanta B,65,36.9%,63.1%,54
Italy - Serie C - Group A,Padova,65,41.5%,58.5%,50
Italy - Serie C - Group A,Vicenza,59,49.2%,50.8%,49
Italy - Serie C - Group A,FeralpiSalo,53,37.7%,62.3%,54
Italy - Serie C - Group A,Virtus Verona,52,48.1%,51.9%,47
Italy - Serie C - Group A,Trento,47,29.8%,70.2%,54
Italy - Serie C - Group A,AlbinoLeffe,46,32.6%,67.4%,56
Italy - Serie C - Group A,Arzignano,45,42.2%,57.8%,53
Italy - Serie C - Group A,Giana Erminio,44,45.5%,54.5%,50
Italy - Serie C - Group A,Novara,42,47.6%,52.4%,48
Italy - Serie C - Group A,Lumezzane,40,42.5%,57.5%,50
Italy - Serie C - Group A,Triestina,40,40.0%,60.0%,51
Italy - Serie C - Group A,Caldiero Terme,39,43.6%,56.4%,51
Italy - Serie C - Group A,Pergolettese,36,66.7%,33.3%,40
Italy - Serie C - Group A,Lecco,36,41.7%,58.3%,50
Italy - Serie C - Group A,Renate,35,42.9%,57.1%,53
Italy - Serie C - Group A,Clodiense,34,41.2%,58.8%,54
Italy - Serie C - Group A,Alcione,33,57.6%,42.4%,42
Italy - Serie C - Group A,Pro Patria,32,46.9%,53.1%,45
Italy - Serie C - Group A,Pro Vercelli,30,43.3%,56.7%,51
Italy - Serie C - Group B,Ternana,64,43.8%,56.3%,50
Italy - Serie C - Group B,Entella,61,47.5%,52.5%,49
Italy - Serie C - Group B,Pescara,55,41.8%,58.2%,53
Italy - Serie C - Group B,Torres,55,43.6%,56.4%,52
Italy - Serie C - Group B,Pontedera,54,46.3%,53.7%,49
Italy - Serie C - Group B,Arezzo,48,43.8%,56.3%,54
Italy - Serie C - Group B,Pianese,48,54.2%,45.8%,46
Italy - Serie C - Group B,Lucchese,47,48.9%,51.1%,44
Italy - Serie C - Group B,Pineto,46,56.5%,43.5%,44
Italy - Serie C - Group B,Rimini,45,44.4%,55.6%,48
Italy - Serie C - Group B,Vis Pesaro,44,43.2%,56.8%,50
Italy - Serie C - Group B,Perugia,43,37.2%,62.8%,55
Italy - Serie C - Group B,Athletic Carpi,41,46.3%,53.7%,50
Italy - Serie C - Group B,SPAL,41,39.0%,61.0%,55
Italy - Serie C - Group B,Ascoli,37,37.8%,62.2%,49
Italy - Serie C - Group B,AC Milan B,36,52.8%,47.2%,49
Italy - Serie C - Group B,Campobasso,36,36.1%,63.9%,57
Italy - Serie C - Group B,Sestri Levante,34,38.2%,61.8%,52
Italy - Serie C - Group B,Gubbio,32,37.5%,62.5%,54
Italy - Serie C - Group B,Legnago Salus,30,30.0%,70.0%,59
Japan - J1 League,Kyoto Sanga,38,36.8%,63.2%,54
Japan - J1 League,K. Frontale,37,32.4%,67.6%,59
Japan - J1 League,Cerezo Osaka,34,50.0%,50.0%,48
Japan - J1 League,Kashima Antlers,33,48.5%,51.5%,50
Japan - J1 League,Machida Zelvia,33,48.5%,51.5%,50
Japan - J1 League,Vissel Kobe,32,37.5%,62.5%,54
Japan - J1 League,Kashiwa Reysol,31,41.9%,58.1%,52
Japan - J1 League,Nagoya G.,28,32.1%,67.9%,56
Japan - J1 League,Shimizu S-Pulse,27,44.4%,55.6%,53
Japan - J1 League,S. Hiroshima,27,29.6%,70.4%,60
Japan - J1 League,Gamba Osaka,27,44.4%,55.6%,49
Japan - J1 League,Urawa RD,26,38.5%,61.5%,53
Japan - J1 League,Albirex Niigata,24,54.2%,45.8%,47
Japan - J1 League,FC Tokyo,24,29.2%,70.8%,61
Japan - J1 League,Yokohama M.,20,55.0%,45.0%,47
Japan - J1 League,Fagiano Okayama,19,47.4%,52.6%,47
Japan - J1 League,Avispa Fukuoka,19,47.4%,52.6%,51
Japan - J1 League,Shonan Bellmare,16,37.5%,62.5%,51
Japan - J1 League,Tokyo Verdy,15,46.7%,53.3%,52
Japan - J1 League,Yokohama FC,14,50.0%,50.0%,41
Japan - J2 League,V-V. Nagasaki,39,30.8%,69.2%,56
Japan - J2 League,Mito Hollyhock,36,41.7%,58.3%,51
Japan - J2 League,Jubilo Iwata,36,44.4%,55.6%,53
Japan - J2 League,JEF Utd Chiba,33,51.5%,48.5%,46
Japan - J2 League,Omiya Ardija,32,34.4%,65.6%,54
Japan - J2 League,M. Yamagata,31,54.8%,45.2%,49
Japan - J2 League,C. Sapporo,30,33.3%,66.7%,60
Japan - J2 League,Blaublitz Akita,28,35.7%,64.3%,53
Japan - J2 League,Vegalta Sendai,28,50.0%,50.0%,49
Japan - J2 League,Iwaki,28,28.6%,71.4%,56
Japan - J2 League,FC Imabari,27,29.6%,70.4%,58
Japan - J2 League,R. Kumamoto,26,46.2%,53.8%,50
Japan - J2 League,Fujieda MYFC,26,65.4%,34.6%,44
Japan - J2 League,Sagan Tosu,25,68.0%,32.0%,44
Japan - J2 League,Tokushima V.,23,47.8%,52.2%,48
Japan - J2 League,Ventforet Kofu,23,30.4%,69.6%,49
Japan - J2 League,Ehime FC,23,39.1%,60.9%,49
Japan - J2 League,Oita Trinita,20,45.0%,55.0%,46
Japan - J2 League,R. Yamaguchi,19,42.1%,57.9%,53
Japan - J2 League,Kataller Toyama,19,57.9%,42.1%,49
Japan - J3 League,Fukushima Utd,32,43.8%,56.3%,51
Japan - J3 League,Kagoshima Utd,32,31.3%,68.8%,56
Japan - J3 League,Tochigi City,32,50.0%,50.0%,50
Japan - J3 League,Osaka,32,28.1%,71.9%,59
Japan - J3 League,Kochi United,30,50.0%,50.0%,45
Japan - J3 League,Kusatsu,27,55.6%,44.4%,46
Japan - J3 League,T. Miyazaki,27,22.2%,77.8%,61
Japan - J3 League,V. Hachinohe,27,55.6%,44.4%,41
Japan - J3 League,Nara Club,26,38.5%,61.5%,50
Japan - J3 League,Matsumoto Y.,24,50.0%,50.0%,39
Japan - J3 League,Gifu,23,69.6%,30.4%,38
Japan - J3 League,Z. Kanazawa,22,50.0%,50.0%,47
Japan - J3 League,SC Sagamihara,20,70.0%,30.0%,38
Japan - J3 League,Kamatamare S.,19,47.4%,52.6%,50
Japan - J3 League,G. Kitakyushu,19,52.6%,47.4%,41
Japan - J3 League,AC Numazu,18,33.3%,66.7%,56
Japan - J3 League,FC Ryukyu,17,58.8%,41.2%,43
Japan - J3 League,Nagano Parceiro,16,37.5%,62.5%,57
Japan - J3 League,Gainare Tottori,16,43.8%,56.3%,56
Japan - J3 League,Tochigi SC,15,46.7%,53.3%,53
Kazakhstan - Premier League,Kairat Almaty,34,41.2%,58.8%,49
Kazakhstan - Premier League,FC Astana,34,50.0%,50.0%,51
Kazakhstan - Premier League,Tobol,29,55.2%,44.8%,49
Kazakhstan - Premier League,Aktobe,26,46.2%,53.8%,49
Kazakhstan - Premier League,Okzhetpes,24,58.3%,41.7%,39
Kazakhstan - Premier League,Yelimay Semey,21,33.3%,66.7%,64
Kazakhstan - Premier League,Kyzylzhar,19,42.1%,57.9%,57
Kazakhstan - Premier League,Zhenys,18,50.0%,50.0%,49
Kazakhstan - Premier League,Kaisar K.,16,31.3%,68.8%,63
Kazakhstan - Premier League,Ordabasy,15,40.0%,60.0%,61
Kazakhstan - Premier League,Zhetysu,13,23.1%,76.9%,59
Kazakhstan - Premier League,Turan,13,38.5%,61.5%,57
Kazakhstan - Premier League,Ulytau,10,50.0%,50.0%,46
Kazakhstan - Premier League,Atyrau,9,11.1%,88.9%,68
Latvia - Virsliga,RFS,53,45.3%,54.7%,48
Latvia - Virsliga,Riga FC,52,42.3%,57.7%,51
Latvia - Virsliga,Liepaja,36,61.1%,38.9%,46
Latvia - Virsliga,Auda,33,36.4%,63.6%,51
Latvia - Virsliga,Daugavpils,31,45.2%,54.8%,48
Latvia - Virsliga,Super Nova,26,38.5%,61.5%,56
Latvia - Virsliga,Tukums,23,60.9%,39.1%,45
Latvia - Virsliga,Grobina,20,55.0%,45.0%,48
Latvia - Virsliga,FS Jelgava,19,42.1%,57.9%,53
Latvia - Virsliga,Metta,18,33.3%,66.7%,54
Latvia - 1. Liga,Riga Mariners,33,36.4%,63.6%,57
Latvia - 1. Liga,Ogre United,29,44.8%,55.2%,50
Latvia - 1. Liga,Alberts JDFS,28,53.6%,46.4%,45
Latvia - 1. Liga,Smiltene,25,44.0%,56.0%,48
Latvia - 1. Liga,RFS B,23,39.1%,60.9%,52
Latvia - 1. Liga,Leevon PPK,23,47.8%,52.2%,45
Latvia - 1. Liga,JFK Ventspils,20,35.0%,65.0%,51
Latvia - 1. Liga,Rezekne,16,68.8%,31.3%,42
Latvia - 1. Liga,Marupe,16,18.8%,81.3%,62
Latvia - 1. Liga,Skanste,15,20.0%,80.0%,65
Latvia - 1. Liga,AFA Olaine,15,73.3%,26.7%,40
Latvia - 1. Liga,Tukums B,12,41.7%,58.3%,53
Latvia - 1. Liga,Riga FC B,11,63.6%,36.4%,44
Latvia - 1. Liga,Augsdaugava,7,42.9%,57.1%,48
Lithuania - A Lyga,Kauno Zalgiris,38,36.8%,63.2%,53
Lithuania - A Lyga,Siauliai,33,45.5%,54.5%,51
Lithuania - A Lyga,Hegelmann L.,32,31.3%,68.8%,56
Lithuania - A Lyga,Suduva,29,65.5%,34.5%,42
Lithuania - A Lyga,Panevezys,29,44.8%,55.2%,52
Lithuania - A Lyga,Zalgiris,24,58.3%,41.7%,44
Lithuania - A Lyga,Riteriai,24,33.3%,66.7%,54
Lithuania - A Lyga,Dziugas Telsiai,17,41.2%,58.8%,56
Lithuania - A Lyga,Dainava,16,56.3%,43.8%,48
Lithuania - A Lyga,Banga,16,43.8%,56.3%,58
Lithuania - 1st League,TransINVEST,48,37.5%,62.5%,52
Lithuania - 1st League,Neptuna K.,35,62.9%,37.1%,42
Lithuania - 1st League,Zalgiris B,33,39.4%,60.6%,52
Lithuania - 1st League,Babrungas,31,48.4%,51.6%,46
Lithuania - 1st League,Tauras,28,35.7%,64.3%,56
Lithuania - 1st League,BFA Vilnius,25,48.0%,52.0%,55
Lithuania - 1st League,Siauliai B,20,45.0%,55.0%,51
Lithuania - 1st League,Nevezis,20,45.0%,55.0%,46
Lithuania - 1st League,Kauno Z. B,19,52.6%,47.4%,47
Lithuania - 1st League,Panevezys B,19,21.1%,78.9%,57
Lithuania - 1st League,Hegelmann B,18,44.4%,55.6%,55
Lithuania - 1st League,Atmosfera,17,47.1%,52.9%,44
Lithuania - 1st League,Be1 NFA,14,50.0%,50.0%,51
Lithuania - 1st League,Ekranas,13,46.2%,53.8%,43
Lithuania - 1st League,Minija,12,33.3%,66.7%,57
Lithuania - 1st League,Jonava,10,30.0%,70.0%,55
Mexico - Liga MX - Apertura,Toluca,3,66.7%,33.3%,53
Mexico - Liga MX - Apertura,Santos Laguna,3,33.3%,66.7%,52
Mexico - Liga MX - Apertura,Pachuca,3,0.0%,100.0%,61
Mexico - Liga MX - Apertura,Atlas,3,33.3%,66.7%,49
Mexico - Liga MX - Apertura,Puebla,2,50.0%,50.0%,57
Mexico - Liga MX - Apertura,Tijuana,1,100.0%,0.0%,45
Mexico - Liga MX - Apertura,Necaxa,1,100.0%,0.0%,21
Mexico - Liga MX - Apertura,Juarez,1,0.0%,100.0%,80
Mexico - Liga MX - Apertura,CF America,1,100.0%,0.0%,39
Mexico - Liga MX - Apertura,A. San Luis,1,0.0%,100.0%,90
Mexico - Liga MX - Clausura,Toluca,41,56.1%,43.9%,47
Mexico - Liga MX - Clausura,Necaxa,36,47.2%,52.8%,49
Mexico - Liga MX - Clausura,CF America,34,44.1%,55.9%,46
Mexico - Liga MX - Clausura,Monterrey,32,46.9%,53.1%,48
Mexico - Liga MX - Clausura,Pachuca,29,44.8%,55.2%,55
Mexico - Liga MX - Clausura,Tijuana,29,48.3%,51.7%,46
Mexico - Liga MX - Clausura,Cruz Azul,26,61.5%,38.5%,46
Mexico - Liga MX - Clausura,Atlas,25,40.0%,60.0%,58
Mexico - Liga MX - Clausura,Tigres,24,25.0%,75.0%,58
Mexico - Liga MX - Clausura,Club Leon,24,50.0%,50.0%,43
Mexico - Liga MX - Clausura,Pumas UNAM,23,34.8%,65.2%,59
Mexico - Liga MX - Clausura,A. San Luis,20,45.0%,55.0%,52
Mexico - Liga MX - Clausura,Guadalajara,18,55.6%,44.4%,48
Mexico - Liga MX - Clausura,Queretaro,17,35.3%,64.7%,56
Mexico - Liga MX - Clausura,Juarez,16,62.5%,37.5%,41
Mexico - Liga MX - Clausura,Mazatlan,16,50.0%,50.0%,52
Mexico - Liga MX - Clausura,Santos Laguna,15,53.3%,46.7%,54
Mexico - Liga MX - Clausura,Puebla,12,58.3%,41.7%,40
Netherlands - Eredivisie,PSV Eindhoven,103,48.5%,51.5%,47
Netherlands - Eredivisie,Feyenoord,76,48.7%,51.3%,49
Netherlands - Eredivisie,Ajax Amsterdam,67,41.8%,58.2%,53
Netherlands - Eredivisie,FC Twente,62,48.4%,51.6%,49
Netherlands - Eredivisie,FC Utrecht,62,45.2%,54.8%,50
Netherlands - Eredivisie,AZ Alkmaar,58,41.4%,58.6%,51
Netherlands - Eredivisie,Go Ahead Eagles,57,40.4%,59.6%,50
Netherlands - Eredivisie,NEC Nijmegen,51,31.4%,68.6%,58
Netherlands - Eredivisie,RKC Waalwijk,44,31.8%,68.2%,57
Netherlands - Eredivisie,PEC Zwolle,43,44.2%,55.8%,50
Netherlands - Eredivisie,Heerenveen,42,47.6%,52.4%,47
Netherlands - Eredivisie,Heracles Almelo,42,50.0%,50.0%,46
Netherlands - Eredivisie,FC Groningen,40,52.5%,47.5%,43
Netherlands - Eredivisie,Sparta,39,33.3%,66.7%,54
Netherlands - Eredivisie,Fortuna Sittard,37,40.5%,59.5%,54
Netherlands - Eredivisie,Willem II,34,52.9%,47.1%,50
Netherlands - Eredivisie,NAC Breda,34,47.1%,52.9%,48
Netherlands - Eredivisie,Almere City,23,56.5%,43.5%,39
Netherlands - Eerste Divisie,FC Volendam,87,44.8%,55.2%,51
Netherlands - Eerste Divisie,Excelsior,74,44.6%,55.4%,50
Netherlands - Eerste Divisie,De Graafschap,73,50.7%,49.3%,50
Netherlands - Eerste Divisie,Telstar,69,53.6%,46.4%,48
Netherlands - Eerste Divisie,Jong AZ,69,34.8%,65.2%,56
Netherlands - Eerste Divisie,FC Dordrecht,69,44.9%,55.1%,48
Netherlands - Eerste Divisie,ADO Den Haag,69,58.0%,42.0%,41
Netherlands - Eerste Divisie,Cambuur,63,50.8%,49.2%,50
Netherlands - Eerste Divisie,FC Eindhoven,58,43.1%,56.9%,49
Netherlands - Eerste Divisie,FC Emmen,56,41.1%,58.9%,47
Netherlands - Eerste Divisie,Jong PSV,55,43.6%,56.4%,51
Netherlands - Eerste Divisie,Vitesse Arnhem,54,42.6%,57.4%,50
Netherlands - Eerste Divisie,FC Den Bosch,53,50.9%,49.1%,46
Netherlands - Eerste Divisie,Helmond Sport,53,58.5%,41.5%,42
Netherlands - Eerste Divisie,MVV Maastricht,52,40.4%,59.6%,53
Netherlands - Eerste Divisie,Roda JC,49,36.7%,63.3%,56
Netherlands - Eerste Divisie,VVV,44,36.4%,63.6%,56
Netherlands - Eerste Divisie,Jong Ajax,37,48.6%,51.4%,48
Netherlands - Eerste Divisie,Jong Utrecht,31,45.2%,54.8%,54
Netherlands - Eerste Divisie,TOP Oss,31,32.3%,67.7%,54
Northern Ireland - NIFL Premiership,Linfield,69,52.2%,47.8%,45
Northern Ireland - NIFL Premiership,Cliftonville,58,37.9%,62.1%,56
Northern Ireland - NIFL Premiership,Coleraine,55,34.5%,65.5%,56
Northern Ireland - NIFL Premiership,Dungannon,51,52.9%,47.1%,44
Northern Ireland - NIFL Premiership,Glentoran,49,38.8%,61.2%,50
Northern Ireland - NIFL Premiership,Portadown,48,39.6%,60.4%,56
Northern Ireland - NIFL Premiership,Crusaders,47,40.4%,59.6%,51
Northern Ireland - NIFL Premiership,Ballymena Utd,47,53.2%,46.8%,48
Northern Ireland - NIFL Premiership,Larne,46,32.6%,67.4%,54
Northern Ireland - NIFL Premiership,Glenavon,42,35.7%,64.3%,57
Northern Ireland - NIFL Premiership,Loughgall,36,38.9%,61.1%,54
Northern Ireland - NIFL Premiership,Carrick Rangers,32,56.3%,43.8%,41
Norway - Eliteserien,Viking,40,35.0%,65.0%,56
Norway - Eliteserien,Brann,27,37.0%,63.0%,56
Norway - Eliteserien,Bodo/Glimt,27,55.6%,44.4%,44
Norway - Eliteserien,Tromso,24,41.7%,58.3%,51
Norway - Eliteserien,Sandefjord,22,50.0%,50.0%,49
Norway - Eliteserien,Sarpsborg 08,21,33.3%,66.7%,59
Norway - Eliteserien,Bryne,19,57.9%,42.1%,37
Norway - Eliteserien,Fredrikstad,19,52.6%,47.4%,51
Norway - Eliteserien,Molde,18,44.4%,55.6%,51
Norway - Eliteserien,Kristiansund,18,50.0%,50.0%,54
Norway - Eliteserien,KFUM Oslo,18,33.3%,66.7%,60
Norway - Eliteserien,Rosenborg,17,52.9%,47.1%,47
Norway - Eliteserien,Valerenga,17,47.1%,52.9%,51
Norway - Eliteserien,Stromsgodset,16,37.5%,62.5%,51
Norway - Eliteserien,HamKam,13,46.2%,53.8%,44
Norway - Eliteserien,Haugesund,5,40.0%,60.0%,56
Norway - 1st Division,Kongsvinger,30,36.7%,63.3%,57
Norway - 1st Division,Lillestrom,28,64.3%,35.7%,45
Norway - 1st Division,Start,26,26.9%,73.1%,55
Norway - 1st Division,Sogndal,24,37.5%,62.5%,52
Norway - 1st Division,Egersund,24,50.0%,50.0%,53
Norway - 1st Division,Raufoss,23,52.2%,47.8%,45
Norway - 1st Division,Moss,20,50.0%,50.0%,49
Norway - 1st Division,Ranheim,18,38.9%,61.1%,58
Norway - 1st Division,Odd,18,38.9%,61.1%,48
Norway - 1st Division,Stabaek,17,41.2%,58.8%,47
Norway - 1st Division,Skeid,17,58.8%,41.2%,48
Norway - 1st Division,Aalesund,17,29.4%,70.6%,51
Norway - 1st Division,Hodd,17,70.6%,29.4%,34
Norway - 1st Division,Asane,16,25.0%,75.0%,58
Norway - 1st Division,Lyn,15,33.3%,66.7%,58
Norway - 1st Division,Mjondalen,14,42.9%,57.1%,46
Norway - Division 3,Sandnes Ulf,41,36.6%,63.4%,54
Norway - Division 3,Brattvag,32,50.0%,50.0%,48
Norway - Division 3,Arendal,30,46.7%,53.3%,49
Norway - Division 3,Sotra,29,51.7%,48.3%,46
Norway - Division 3,Jerv,26,38.5%,61.5%,54
Norway - Division 3,Brann B,25,28.0%,72.0%,55
Norway - Division 3,V. Haugesund,24,58.3%,41.7%,51
Norway - Division 3,Sandviken,21,47.6%,52.4%,51
Norway - Division 3,Flekkeroy,21,28.6%,71.4%,61
Norway - Division 3,Eik Tonsberg,21,47.6%,52.4%,41
Norway - Division 3,Pors Grenland,19,26.3%,73.7%,58
Norway - Division 3,Notodden,18,38.9%,61.1%,51
Norway - Division 3,Lysekloster,18,44.4%,55.6%,46
Norway - Division 3,Traef,16,37.5%,62.5%,55
Paraguay - Primera Div. - Apertura,Libertad,35,34.3%,65.7%,57
Paraguay - Primera Div. - Apertura,Cerro Porteno,33,48.5%,51.5%,48
Paraguay - Primera Div. - Apertura,D. Recoleta,29,44.8%,55.2%,51
Paraguay - Primera Div. - Apertura,S. Trinidense,27,40.7%,59.3%,53
Paraguay - Primera Div. - Apertura,Olimpia,27,59.3%,40.7%,43
Paraguay - Primera Div. - Apertura,Guarani,27,51.9%,48.1%,50
Paraguay - Primera Div. - Apertura,S. Ameliano,23,47.8%,52.2%,49
Paraguay - Primera Div. - Apertura,Nacional,23,69.6%,30.4%,37
Paraguay - Primera Div. - Apertura,G. Caballero,19,57.9%,42.1%,43
Paraguay - Primera Div. - Apertura,A. Tembetary,17,41.2%,58.8%,57
Paraguay - Primera Div. - Apertura,2 de Mayo,15,46.7%,53.3%,47
Paraguay - Primera Div. - Apertura,S. Luqueno,13,23.1%,76.9%,59
Paraguay - Primera Div. - Clausura,S. Trinidense,4,100.0%,0.0%,26
Paraguay - Primera Div. - Clausura,Guarani,3,33.3%,66.7%,71
Paraguay - Primera Div. - Clausura,Cerro Porteno,3,66.7%,33.3%,43
Paraguay - Primera Div. - Clausura,D. Recoleta,2,50.0%,50.0%,60
Paraguay - Primera Div. - Clausura,S. Luqueno,1,100.0%,0.0%,31
Paraguay - Primera Div. - Clausura,S. Ameliano,1,100.0%,0.0%,30
Paraguay - Primera Div. - Clausura,Olimpia,1,100.0%,0.0%,31
Paraguay - Primera Div. - Clausura,Nacional,1,100.0%,0.0%,12
Paraguay - Primera Div. - Clausura,G. Caballero,1,0.0%,100.0%,78
Paraguay - Primera Div. - Clausura,2 de Mayo,1,0.0%,100.0%,59
Paraguay - Division Intermedia,Rubio Nu,26,42.3%,57.7%,51
Paraguay - Division Intermedia,Resistencia,26,53.8%,46.2%,46
Paraguay - Division Intermedia,12 de Junio VH,24,29.2%,70.8%,55
Paraguay - Division Intermedia,C. River Plate,23,39.1%,60.9%,52
Paraguay - Division Intermedia,D. Capiata,22,59.1%,40.9%,50
Paraguay - Division Intermedia,S. Carapegua,21,28.6%,71.4%,56
Paraguay - Division Intermedia,Guarani de Fram,20,50.0%,50.0%,51
Paraguay - Division Intermedia,Pastoreo,19,47.4%,52.6%,48
Paraguay - Division Intermedia,San Lorenzo,18,55.6%,44.4%,45
Paraguay - Division Intermedia,Tacuary,18,27.8%,72.2%,60
Paraguay - Division Intermedia,Independiente,16,43.8%,56.3%,49
Paraguay - Division Intermedia,Encarnacion,15,33.3%,66.7%,55
Paraguay - Division Intermedia,D. Santani,15,46.7%,53.3%,43
Paraguay - Division Intermedia,Guairena,14,50.0%,50.0%,50
Paraguay - Division Intermedia,F. de la Mora,11,45.5%,54.5%,49
Paraguay - Division Intermedia,Sol de America,10,20.0%,80.0%,58
Peru - Liga 1 - Apertura,Universitario,38,31.6%,68.4%,54
Peru - Liga 1 - Apertura,Cusco,34,47.1%,52.9%,48
Peru - Liga 1 - Apertura,S. Cristal,31,54.8%,45.2%,47
Peru - Liga 1 - Apertura,Cienciano,29,55.2%,44.8%,46
Peru - Liga 1 - Apertura,FBC Melgar,28,50.0%,50.0%,47
Peru - Liga 1 - Apertura,D. Garcilaso,28,35.7%,64.3%,52
Peru - Liga 1 - Apertura,Alianza A.,28,50.0%,50.0%,49
Peru - Liga 1 - Apertura,Sport Boys,26,57.7%,42.3%,45
Peru - Liga 1 - Apertura,Los Chankas,24,58.3%,41.7%,45
Peru - Liga 1 - Apertura,ADT,24,41.7%,58.3%,50
Peru - Liga 1 - Apertura,Sport Huancayo,23,30.4%,69.6%,59
Peru - Liga 1 - Apertura,Atletico Grau,23,43.5%,56.5%,51
Peru - Liga 1 - Apertura,Alianza Lima,23,56.5%,43.5%,44
Peru - Liga 1 - Apertura,Juan Pablo II,20,40.0%,60.0%,55
Peru - Liga 1 - Apertura,Binacional,20,35.0%,65.0%,51
Peru - Liga 1 - Apertura,Cajamarca,17,52.9%,47.1%,53
Peru - Liga 1 - Apertura,Comerciantes U.,17,35.3%,64.7%,55
Peru - Liga 1 - Apertura,A. Huanuco,16,50.0%,50.0%,50
Peru - Liga 1 - Apertura,Ayacucho,14,71.4%,28.6%,35
Portugal - Liga Portugal,Sporting CP,88,45.5%,54.5%,50
Portugal - Liga Portugal,Benfica,84,48.8%,51.2%,48
Portugal - Liga Portugal,FC Porto,65,38.5%,61.5%,51
Portugal - Liga Portugal,Sporting Braga,55,49.1%,50.9%,50
Portugal - Liga Portugal,Estoril,48,50.0%,50.0%,47
Portugal - Liga Portugal,Guimaraes,47,36.2%,63.8%,51
Portugal - Liga Portugal,Famalicao,44,43.2%,56.8%,51
Portugal - Liga Portugal,Moreirense,42,47.6%,52.4%,47
Portugal - Liga Portugal,Rio Ave,39,48.7%,51.3%,50
Portugal - Liga Portugal,Casa Pia,39,48.7%,51.3%,50
Portugal - Liga Portugal,Santa Clara,36,50.0%,50.0%,46
Portugal - Liga Portugal,Arouca,35,42.9%,57.1%,52
Portugal - Liga Portugal,Gil Vicente,34,44.1%,55.9%,50
Portugal - Liga Portugal,Nacional,32,53.1%,46.9%,48
Portugal - Liga Portugal,AVS,25,40.0%,60.0%,57
Portugal - Liga Portugal,Farense,25,44.0%,56.0%,55
Portugal - Liga Portugal,Estrela Amadora,24,41.7%,58.3%,52
Portugal - Liga Portugal,Boavista,24,33.3%,66.7%,61
Portugal - Liga Portugal 2,Tondela,58,46.6%,53.4%,50
Portugal - Liga Portugal 2,Alverca,58,56.9%,43.1%,42
Portugal - Liga Portugal 2,Benfica B,53,45.3%,54.7%,50
Portugal - Liga Portugal 2,Vizela,50,44.0%,56.0%,50
Portugal - Liga Portugal 2,Uniao de Leiria,49,42.9%,57.1%,53
Portugal - Liga Portugal 2,Torreense,49,42.9%,57.1%,54
Portugal - Liga Portugal 2,Penafiel,45,57.8%,42.2%,41
Portugal - Liga Portugal 2,Academico Viseu,43,65.1%,34.9%,39
Portugal - Liga Portugal 2,Felgueiras,43,39.5%,60.5%,54
Portugal - Liga Portugal 2,Maritimo,42,38.1%,61.9%,52
Portugal - Liga Portugal 2,Chaves,40,35.0%,65.0%,52
Portugal - Liga Portugal 2,Portimonense,38,42.1%,57.9%,50
Portugal - Liga Portugal 2,Leixoes,37,54.1%,45.9%,44
Portugal - Liga Portugal 2,FC Porto B,36,38.9%,61.1%,48
Portugal - Liga Portugal 2,Feirense,35,48.6%,51.4%,49
Portugal - Liga Portugal 2,Pacos Ferreira,34,61.8%,38.2%,42
Portugal - Liga Portugal 2,Oliveirense,30,46.7%,53.3%,48
Portugal - Liga Portugal 2,Mafra,29,48.3%,51.7%,46
Romania - Liga 1,U. Cluj,4,25.0%,75.0%,62
Romania - Liga 1,UTA Arad,3,0.0%,100.0%,87
Romania - Liga 1,Univ. Craiova,3,66.7%,33.3%,27
Romania - Liga 1,Rapid Bucharest,2,100.0%,0.0%,18
Romania - Liga 1,Din. Bucharest,2,100.0%,0.0%,30
Romania - Liga 1,Csikszereda,2,100.0%,0.0%,6
Romania - Liga 1,CFR Cluj,2,50.0%,50.0%,52
Romania - Liga 1,Unirea Slobozia,1,100.0%,0.0%,45
Romania - Liga 1,Metaloglobus,1,0.0%,100.0%,53
Romania - Liga 1,Hermannstadt,1,0.0%,100.0%,75
Romania - Liga 1,FCSB,1,0.0%,100.0%,90
Romania - Liga 1,Farul Constanta,1,0.0%,100.0%,72
Romania - Liga 1,Botosani,1,0.0%,100.0%,61
Scotland - Premiership,Celtic,112,47.3%,52.7%,52
Scotland - Premiership,Rangers,80,41.3%,58.8%,50
Scotland - Premiership,Hibernian,62,53.2%,46.8%,48
Scotland - Premiership,Dundee FC,57,56.1%,43.9%,45
Scotland - Premiership,St. Mirren,53,54.7%,45.3%,46
Scotland - Premiership,Hearts,52,40.4%,59.6%,51
Scotland - Premiership,Aberdeen,48,39.6%,60.4%,55
Scotland - Premiership,Motherwell,46,56.5%,43.5%,47
Scotland - Premiership,Kilmarnock,45,33.3%,66.7%,55
Scotland - Premiership,Dundee Utd,45,33.3%,66.7%,56
Scotland - Premiership,St. Johnstone,38,34.2%,65.8%,55
Scotland - Premiership,Ross County,37,40.5%,59.5%,53
Scotland - Championship,Falkirk,72,50.0%,50.0%,45
Scotland - Championship,Ayr Utd,57,49.1%,50.9%,49
Scotland - Championship,Livingston,55,49.1%,50.9%,49
Scotland - Championship,Raith Rovers,47,59.6%,40.4%,45
Scotland - Championship,Partick Thistle,43,44.2%,55.8%,49
Scotland - Championship,Greenock Morton,42,50.0%,50.0%,49
Scotland - Championship,Hamilton,38,52.6%,47.4%,46
Scotland - Championship,Queens Park,36,47.2%,52.8%,45
Scotland - Championship,Airdrieonians,34,47.1%,52.9%,50
Scotland - Championship,Dunfermline,28,28.6%,71.4%,57
Singapore - Premier League,Geylang,97,39.2%,60.8%,54
Singapore - Premier League,Lion City,96,46.9%,53.1%,48
Singapore - Premier League,Tampines Rovers,84,38.1%,61.9%,49
Singapore - Premier League,Khalsa,84,40.5%,59.5%,53
Singapore - Premier League,Hougang,61,50.8%,49.2%,49
Singapore - Premier League,A. Niigata (S),55,40.0%,60.0%,55
Singapore - Premier League,DPMM FC,54,53.7%,46.3%,45
Singapore - Premier League,Young Lions,47,44.7%,55.3%,50
Singapore - Premier League,Tanjong Pagar,35,51.4%,48.6%,52
South Africa - Premier Division ,Mamelodi S.,65,50.8%,49.2%,46
South Africa - Premier Division ,Orlando Pirates,43,34.9%,65.1%,53
South Africa - Premier Division ,Sekhukhune,39,38.5%,61.5%,54
South Africa - Premier Division ,Stellenbosch,34,52.9%,47.1%,46
South Africa - Premier Division ,TS Galaxy,30,60.0%,40.0%,48
South Africa - Premier Division ,AmaZulu,29,48.3%,51.7%,48
South Africa - Premier Division ,Marumo G.,26,50.0%,50.0%,43
South Africa - Premier Division ,Kaizer Chiefs,25,64.0%,36.0%,40
South Africa - Premier Division ,Chippa Utd,22,63.6%,36.4%,41
South Africa - Premier Division ,Golden Arrows,20,50.0%,50.0%,44
South Africa - Premier Division ,Richards Bay,19,21.1%,78.9%,59
South Africa - Premier Division ,Polokwane,19,52.6%,47.4%,52
South Africa - Premier Division ,Magesi,19,63.2%,36.8%,38
South Africa - Premier Division ,SuperSport Utd,18,50.0%,50.0%,49
South Africa - Premier Division ,Cape Town City,15,33.3%,66.7%,50
South Korea - K League 1,Jeonbuk Motors,36,50.0%,50.0%,51
South Korea - K League 1,Daejeon Citizen,28,42.9%,57.1%,52
South Korea - K League 1,Gimcheon Sangmu,27,44.4%,55.6%,54
South Korea - K League 1,Pohang Steelers,26,34.6%,65.4%,55
South Korea - K League 1,Ulsan,25,36.0%,64.0%,55
South Korea - K League 1,Anyang,24,37.5%,62.5%,55
South Korea - K League 1,Seoul,23,34.8%,65.2%,57
South Korea - K League 1,Gwangju,22,50.0%,50.0%,50
South Korea - K League 1,Daegu,22,27.3%,72.7%,62
South Korea - K League 1,Jeju Utd,21,33.3%,66.7%,54
South Korea - K League 1,Gangwon,20,40.0%,60.0%,57
South Korea - K League 1,Suwon City,19,42.1%,57.9%,56
South Korea - K League 2,Suwon Bluewings,41,46.3%,53.7%,51
South Korea - K League 2,Incheon Utd,38,42.1%,57.9%,52
South Korea - K League 2,Seoul E-Land,32,50.0%,50.0%,47
South Korea - K League 2,Bucheon FC,31,45.2%,54.8%,54
South Korea - K League 2,Jeonnam,28,46.4%,53.6%,51
South Korea - K League 2,Busan IPark,26,53.8%,46.2%,48
South Korea - K League 2,Asan,25,56.0%,44.0%,47
South Korea - K League 2,Cheongju,22,50.0%,50.0%,49
South Korea - K League 2,Gimpo,21,38.1%,61.9%,54
South Korea - K League 2,Hwaseong,20,40.0%,60.0%,50
South Korea - K League 2,Gyeongnam,18,33.3%,66.7%,57
South Korea - K League 2,Cheonan City,16,37.5%,62.5%,59
South Korea - K League 2,Seongnam,15,46.7%,53.3%,51
South Korea - K League 2,Ansan Greeners,14,28.6%,71.4%,59
Spain - La Liga,FC Barcelona,102,45.1%,54.9%,50
Spain - La Liga,Real Madrid,78,44.9%,55.1%,51
Spain - La Liga,Villarreal,71,53.5%,46.5%,48
Spain - La Liga,Atletico Madrid,68,39.7%,60.3%,57
Spain - La Liga,Celta Vigo,59,42.4%,57.6%,54
Spain - La Liga,Real Betis,57,43.9%,56.1%,51
Spain - La Liga,Athletic Bilbao,54,44.4%,55.6%,53
Spain - La Liga,Osasuna,48,47.9%,52.1%,49
Spain - La Liga,Valencia,44,47.7%,52.3%,47
Spain - La Liga,Girona,44,43.2%,56.8%,52
Spain - La Liga,Sevilla FC,42,47.6%,52.4%,51
Spain - La Liga,Rayo Vallecano,41,48.8%,51.2%,46
Spain - La Liga,Las Palmas,40,27.5%,72.5%,59
Spain - La Liga,Espanyol,40,37.5%,62.5%,53
Spain - La Liga,Leganes,39,56.4%,43.6%,47
Spain - La Liga,Alaves,38,42.1%,57.9%,49
Spain - La Liga,Real Sociedad,35,45.7%,54.3%,50
Spain - La Liga,Mallorca,35,40.0%,60.0%,51
Spain - La Liga,Getafe,34,35.3%,64.7%,56
Spain - La Liga,Valladolid,26,34.6%,65.4%,51
Spain - La Liga 2,Almeria,72,37.5%,62.5%,52
Spain - La Liga 2,Levante,69,40.6%,59.4%,55
Spain - La Liga 2,Granada,65,43.1%,56.9%,52
Spain - La Liga 2,Castellon,65,47.7%,52.3%,48
Spain - La Liga 2,Racing,65,44.6%,55.4%,51
Spain - La Liga 2,Cordoba,59,37.3%,62.7%,56
Spain - La Liga 2,Elche,59,45.8%,54.2%,53
Spain - La Liga 2,Mirandes,59,40.7%,59.3%,53
Spain - La Liga 2,Huesca,58,37.9%,62.1%,56
Spain - La Liga 2,Albacete,57,49.1%,50.9%,50
Spain - La Liga 2,Sporting Gijon,57,40.4%,59.6%,56
Spain - La Liga 2,Deportivo,56,37.5%,62.5%,53
Spain - La Liga 2,Real Oviedo,56,41.1%,58.9%,55
Spain - La Liga 2,Real Zaragoza,56,30.4%,69.6%,59
Spain - La Liga 2,Cadiz,55,49.1%,50.9%,52
Spain - La Liga 2,Eibar,44,52.3%,47.7%,43
Spain - La Liga 2,Eldense,44,40.9%,59.1%,52
Spain - La Liga 2,Malaga,42,38.1%,61.9%,55
Spain - La Liga 2,Burgos,41,41.5%,58.5%,57
Spain - La Liga 2,Tenerife,35,40.0%,60.0%,53
Spain - La Liga 2,Cartagena,33,51.5%,48.5%,45
Spain - La Liga 2,Racing Ferrol,22,40.9%,59.1%,51
Sweden - Allsvenskan,Mjallby,31,58.1%,41.9%,45
Sweden - Allsvenskan,Hammarby,28,39.3%,60.7%,56
Sweden - Allsvenskan,Elfsborg,27,44.4%,55.6%,48
Sweden - Allsvenskan,AIK,24,37.5%,62.5%,57
Sweden - Allsvenskan,Hacken,24,33.3%,66.7%,60
Sweden - Allsvenskan,Malmo FF,23,52.2%,47.8%,46
Sweden - Allsvenskan,Norrkoping,22,45.5%,54.5%,49
Sweden - Allsvenskan,GAIS,21,42.9%,57.1%,50
Sweden - Allsvenskan,Sirius,21,47.6%,52.4%,46
Sweden - Allsvenskan,IFK Goteborg,20,55.0%,45.0%,50
Sweden - Allsvenskan,Brommapojkarna,19,26.3%,73.7%,56
Sweden - Allsvenskan,Degerfors,18,27.8%,72.2%,57
Sweden - Allsvenskan,Djurgarden,14,57.1%,42.9%,42
Sweden - Allsvenskan,Halmstad,14,57.1%,42.9%,45
Sweden - Allsvenskan,Varnamo,12,16.7%,83.3%,62
Sweden - Allsvenskan,Oster,12,33.3%,66.7%,59
Sweden - Superettan,Orgryte,31,41.9%,58.1%,51
Sweden - Superettan,Utsikten,25,44.0%,56.0%,55
Sweden - Superettan,Kalmar,25,56.0%,44.0%,44
Sweden - Superettan,Varberg BoIS,24,54.2%,45.8%,42
Sweden - Superettan,Falkenberg,24,50.0%,50.0%,46
Sweden - Superettan,Landskrona,23,21.7%,78.3%,60
Sweden - Superettan,Oddevold,22,36.4%,63.6%,50
Sweden - Superettan,Vasteras,21,52.4%,47.6%,47
Sweden - Superettan,Brage,19,31.6%,68.4%,59
Sweden - Superettan,Helsingborg,19,47.4%,52.6%,48
Sweden - Superettan,Sandviken,18,44.4%,55.6%,52
Sweden - Superettan,Ostersunds,17,47.1%,52.9%,50
Sweden - Superettan,GIF Sundsvall,17,35.3%,64.7%,59
Sweden - Superettan,Orebro,14,64.3%,35.7%,35
Sweden - Superettan,Umea,10,50.0%,50.0%,59
Sweden - Superettan,Trelleborg,9,44.4%,55.6%,47
Sweden - Sodra,Ljungskile,42,52.4%,47.6%,48
Sweden - Sodra,Angelholm,30,43.3%,56.7%,42
Sweden - Sodra,Lund,25,44.0%,56.0%,53
Sweden - Sodra,Skovde AIK,25,28.0%,72.0%,59
Sweden - Sodra,Torslanda,25,56.0%,44.0%,46
Sweden - Sodra,Norrby,24,33.3%,66.7%,54
Sweden - Sodra,Trollhattan,24,41.7%,58.3%,51
Sweden - Sodra,Ariana,23,34.8%,65.2%,56
Sweden - Sodra,Jonkopings,21,38.1%,61.9%,53
Sweden - Sodra,Hassleholms IF,20,60.0%,40.0%,47
Sweden - Sodra,Rosengard,18,38.9%,61.1%,50
Sweden - Sodra,Olympic,18,44.4%,55.6%,50
Sweden - Sodra,Husqvarna,18,33.3%,66.7%,57
Sweden - Sodra,IFK Skovde,17,52.9%,47.1%,51
Sweden - Sodra,Eskilsminne,16,37.5%,62.5%,58
Sweden - Sodra,Oskarshamns,14,50.0%,50.0%,53
Thailand - Thai League 1,Buriram Utd,92,37.0%,63.0%,55
Thailand - Thai League 1,Ratchaburi,65,53.8%,46.2%,46
Thailand - Thai League 1,Bangkok Utd,63,49.2%,50.8%,51
Thailand - Thai League 1,Port FC,52,36.5%,63.5%,55
Thailand - Thai League 1,Prachuap,49,40.8%,59.2%,53
Thailand - Thai League 1,Sukhothai,47,40.4%,59.6%,54
Thailand - Thai League 1,Pathum Utd,47,48.9%,51.1%,51
Thailand - Thai League 1,Muang Thong Utd,46,39.1%,60.9%,55
Thailand - Thai League 1,Rayong,41,43.9%,56.1%,52
Thailand - Thai League 1,N. Bua Pitchaya,37,48.6%,51.4%,51
Thailand - Thai League 1,Uthai Thani,37,43.2%,56.8%,55
Thailand - Thai League 1,Lamphun Warrior,36,52.8%,47.2%,44
Thailand - Thai League 1,N. Ratchasima,36,44.4%,55.6%,52
Thailand - Thai League 1,Chiangrai Utd,33,42.4%,57.6%,55
Thailand - Thai League 1,Nakhon Pathom,30,46.7%,53.3%,51
Thailand - Thai League 1,Khon Kaen Utd,21,52.4%,47.6%,42
Turkey - Super Lig,Fenerbahce,90,41.1%,58.9%,54
Turkey - Super Lig,Galatasaray,88,50.0%,50.0%,46
Turkey - Super Lig,Kasimpasa,62,37.1%,62.9%,54
Turkey - Super Lig,Basaksehir,60,41.7%,58.3%,54
Turkey - Super Lig,Besiktas,59,54.2%,45.8%,50
Turkey - Super Lig,Goztepe,59,50.8%,49.2%,50
Turkey - Super Lig,Trabzonspor,58,43.1%,56.9%,50
Turkey - Super Lig,Samsunspor,55,38.2%,61.8%,52
Turkey - Super Lig,Rizespor,52,32.7%,67.3%,58
Turkey - Super Lig,Eyupspor,52,48.1%,51.9%,47
Turkey - Super Lig,Hatayspor,47,59.6%,40.4%,42
Turkey - Super Lig,Kayserispor,45,40.0%,60.0%,48
Turkey - Super Lig,Konyaspor,45,44.4%,55.6%,51
Turkey - Super Lig,Gaziantep,45,44.4%,55.6%,53
Turkey - Super Lig,Sivasspor,44,36.4%,63.6%,53
Turkey - Super Lig,Alanyaspor,43,53.5%,46.5%,46
Turkey - Super Lig,Antalyaspor,37,43.2%,56.8%,56
Turkey - Super Lig,Adana Demirspor,34,50.0%,50.0%,52
Turkey - Super Lig,Bodrumspor,26,46.2%,53.8%,50
UAE - Pro League,Shabab Al Ahli,57,40.4%,59.6%,56
UAE - Pro League,Al Ain,56,48.2%,51.8%,49
UAE - Pro League,Al Wasl,51,51.0%,49.0%,48
UAE - Pro League,Al Wahda,51,54.9%,45.1%,51
UAE - Pro League,Al Nasr,45,40.0%,60.0%,55
UAE - Pro League,Al Jazira,45,60.0%,40.0%,41
UAE - Pro League,Al Sharjah,44,36.4%,63.6%,58
UAE - Pro League,Khorfakkan,41,43.9%,56.1%,48
UAE - Pro League,Ajman,40,30.0%,70.0%,61
UAE - Pro League,Ittihad Kalba,39,41.0%,59.0%,52
UAE - Pro League,Bani Yas,30,53.3%,46.7%,42
UAE - Pro League,Al Bataeh,30,53.3%,46.7%,48
UAE - Pro League,Dibba Al Hisn,29,44.8%,55.2%,55
UAE - Pro League,Al Urooba,24,33.3%,66.7%,62
Ukraine - Premier League,Shakhtar,69,39.1%,60.9%,52
Ukraine - Premier League,Dynamo Kyiv,61,55.7%,44.3%,45
Ukraine - Premier League,Oleksandria,46,58.7%,41.3%,45
Ukraine - Premier League,Karpaty Lviv,42,52.4%,47.6%,47
Ukraine - Premier League,Polessya,38,44.7%,55.3%,51
Ukraine - Premier League,Zorya Luhansk,34,44.1%,55.9%,48
Ukraine - Premier League,Kryvbas KR,34,44.1%,55.9%,52
Ukraine - Premier League,Veres,33,45.5%,54.5%,47
Ukraine - Premier League,Rukh Lviv,30,30.0%,70.0%,55
Ukraine - Premier League,Kolos Kovalivka,27,44.4%,55.6%,48
Ukraine - Premier League,LNZ Cherkasy,25,28.0%,72.0%,58
Ukraine - Premier League,Vorskla Poltava,24,29.2%,70.8%,60
Ukraine - Premier League,Inhulets,21,71.4%,28.6%,42
Ukraine - Premier League,Chornomorets,20,40.0%,60.0%,57
Ukraine - Premier League,Obolon,19,36.8%,63.2%,51
Ukraine - Premier League,Livyi Bereh,18,38.9%,61.1%,53
USA - MLS,San Diego,46,45.7%,54.3%,55
USA - MLS,Inter Miami,44,54.5%,45.5%,45
USA - MLS,SJ Earthquakes,42,45.2%,54.8%,54
USA - MLS,Chicago Fire,40,55.0%,45.0%,48
USA - MLS,Orlando City,40,55.0%,45.0%,46
USA - MLS,Minnesota Utd,39,53.8%,46.2%,46
USA - MLS,Columbus Crew,38,55.3%,44.7%,45
USA - MLS,Nashville SC,38,44.7%,55.3%,49
USA - MLS,Philadelphia,37,40.5%,59.5%,51
USA - MLS,Charlotte,36,41.7%,58.3%,51
USA - MLS,Sporting KC,35,34.3%,65.7%,56
USA - MLS,Cincinnati,35,48.6%,51.4%,49
USA - MLS,Los Angeles FC,35,42.9%,57.1%,55
USA - MLS,Vancouver,35,48.6%,51.4%,47
USA - MLS,New York RB,33,60.6%,39.4%,44
USA - MLS,Seattle,31,48.4%,51.6%,50
USA - MLS,Portland,31,41.9%,58.1%,49
USA - MLS,Houston Dynamo,29,41.4%,58.6%,55
USA - MLS,Dallas,27,33.3%,66.7%,56
USA - MLS,Colorado Rapids,27,51.9%,48.1%,48
USA - MLS,New York City,27,25.9%,74.1%,53
USA - MLS,New England,26,50.0%,50.0%,51
USA - MLS,LA Galaxy,24,45.8%,54.2%,49
USA - MLS,Toronto,24,33.3%,66.7%,53
USA - MLS,Atlanta Utd,23,34.8%,65.2%,58
USA - MLS,St. Louis City,23,43.5%,56.5%,53
USA - MLS,Real Salt Lake,23,69.6%,30.4%,37
USA - MLS,CF Montreal,19,42.1%,57.9%,48
USA - MLS,DC United,18,61.1%,38.9%,46
USA - MLS,Austin,15,46.7%,53.3%,45
USL Championship,Charleston,35,57.1%,42.9%,43
USL Championship,Louisville City,29,44.8%,55.2%,49
USL Championship,Loudoun Utd,26,46.2%,53.8%,52
USL Championship,Phoenix Rising,26,42.3%,57.7%,52
USL Championship,El Paso,24,58.3%,41.7%,42
USL Championship,Indy Eleven,24,58.3%,41.7%,45
USL Championship,San Antonio,23,39.1%,60.9%,51
USL Championship,New Mexico,22,36.4%,63.6%,56
USL Championship,Sacramento R.,22,36.4%,63.6%,55
USL Championship,North Carolina,21,52.4%,47.6%,56
USL Championship,FC Tulsa,21,52.4%,47.6%,51
USL Championship,Detroit City,20,55.0%,45.0%,46
USL Championship,Birmingham L.,19,36.8%,63.2%,56
USL Championship,Orange County,18,38.9%,61.1%,52
USL Championship,Colorado S.,18,50.0%,50.0%,49
USL Championship,Monterey Bay,18,33.3%,66.7%,53
USL Championship,Lexington,17,52.9%,47.1%,44
USL Championship,Oakland Roots,17,47.1%,52.9%,51
USL Championship,Miami FC,16,68.8%,31.3%,36
USL Championship,Tampa Bay,16,31.3%,68.8%,63
USL Championship,Hartford A.,15,60.0%,40.0%,42
USL Championship,Pittsburgh,14,50.0%,50.0%,49
USL Championship,Rhode Island,14,71.4%,28.6%,46
USL Championship,Las Vegas L.,13,30.8%,69.2%,59
USA - USL League One,Alta,25,48.0%,52.0%,52
USA - USL League One,Richmond K.,24,58.3%,41.7%,42
USA - USL League One,Charlotte I.,23,30.4%,69.6%,58
USA - USL League One,Spokane V.,22,50.0%,50.0%,46
USA - USL League One,Naples,21,61.9%,38.1%,41
USA - USL League One,Westchester SC,20,70.0%,30.0%,35
USA - USL League One,Texoma,19,47.4%,52.6%,52
USA - USL League One,Chattanooga RW,19,47.4%,52.6%,50
USA - USL League One,Tormenta,18,55.6%,44.4%,45
USA - USL League One,Greenville,18,55.6%,44.4%,49
USA - USL League One,Union Omaha,16,50.0%,50.0%,49
USA - USL League One,One Knoxville,15,46.7%,53.3%,51
USA - USL League One,Portland Hearts,14,50.0%,50.0%,53
USA - USL League One,Forward Madison,12,41.7%,58.3%,48
Venezuela - Primera Division - Apertura,D. La Guaira,20,50.0%,50.0%,51
Venezuela - Primera Division - Apertura,D. Tachira,19,57.9%,42.1%,41
Venezuela - Primera Division - Apertura,Monagas,17,41.2%,58.8%,52
Venezuela - Primera Division - Apertura,Metropolitanos,17,52.9%,47.1%,47
Venezuela - Primera Division - Apertura,A. Anzoategui,17,41.2%,58.8%,54
Venezuela - Primera Division - Apertura,UCV,15,46.7%,53.3%,47
Venezuela - Primera Division - Apertura,E. Merida,15,33.3%,66.7%,58
Venezuela - Primera Division - Apertura,Puerto Cabello,14,57.1%,42.9%,49
Venezuela - Primera Division - Apertura,Portuguesa,14,42.9%,57.1%,52
Venezuela - Primera Division - Apertura,Rayo Zuliano,13,69.2%,30.8%,45
Venezuela - Primera Division - Apertura,Carabobo,13,46.2%,53.8%,51
Venezuela - Primera Division - Apertura,Yaracuyanos,12,41.7%,58.3%,50
Venezuela - Primera Division - Apertura,Caracas,12,66.7%,33.3%,40
Venezuela - Primera Division - Apertura,Zamora,10,70.0%,30.0%,34
